Q15583	Q9Y5K5	0.16666666666666666
Q15583	Q9HCE7	0.14285714285714285
Q15583	Q9Y618	0.75
Q15583	Q9HAU4	0.5
Q15583	Q8N2S1	0.2
Q15583	Q9NPB6	0.2
Q15583	Q969W9	0.16666666666666666
Q15583	Q6ZSZ5	0.2
Q15583	Q9Y4E8	0.16666666666666666
Q15583	Q9P2M7	0.2
Q15583	Q9GZN2	1.0
Q15583	Q9UPN9	0.75
Q15583	Q9NS15	0.2
Q15583	Q9UN42	0.75
Q15583	Q16254	0.75
Q15583	Q9Y624	0.2
Q15583	Q8TEW0	0.2
Q15583	Q15843	0.2
Q15583	Q96PU5	0.5
Q15583	Q15796	0.6666666666666666
Q15583	Q9Y3F4	0.16666666666666666
Q15583	Q9GZV5	1.0
Q15583	Q93008	0.75
Q15583	Q9NYA4	0.16666666666666666
Q15583	Q6ZNA4	1.0
Q15583	Q9UNE7	0.16666666666666666
Q9Y5K5	Q9Y618	0.2
Q9Y5K5	Q9Y624	0.25
Q9HCE7	Q9Y5K5	0.75
Q9HCE7	Q9Y618	0.16666666666666666
Q9HCE7	Q9NPB6	0.5
Q9HCE7	Q9Y4E8	0.75
Q9HCE7	Q9P2M7	0.5
Q9HCE7	Q9UPN9	0.16666666666666666
Q9HCE7	Q9NS15	0.5
Q9HCE7	Q9UN42	0.16666666666666666
Q9HCE7	Q9Y624	0.5
Q9HCE7	Q9Y3F4	0.75
Q9HCE7	Q9NYA4	0.75
Q9HCE7	Q9UNE7	0.75
O60583	Q15583	0.75
O60583	Q9Y5K5	0.2
O60583	Q9HCE7	0.16666666666666666
O60583	P84022	0.5
O60583	Q9Y618	0.5
O60583	Q03167	0.25
O60583	Q9HAU4	0.3333333333333333
O60583	P62942	0.2
O60583	Q8N2S1	0.25
O60583	Q9NPB6	0.25
O60583	Q969W9	0.2
O60583	Q6ZSZ5	0.25
O60583	Q9Y4E8	0.2
O60583	P27361	0.75
O60583	P62140	0.2
O60583	O75909	1.0
O60583	Q14766	0.25
O60583	P09958	0.75
O60583	Q13573	0.5
O60583	P51668	0.5
O60583	P61812	0.25
O60583	P22681	0.25
O60583	P36873	0.2
O60583	P62136	0.2
O60583	P0CG48	0.42857142857142855
O60583	P08123	1.0
O60583	Q9P2M7	0.25
O60583	P06756	0.25
O60583	P61586	0.25
O60583	Q9GZN2	0.75
O60583	P24863	1.0
O60583	P67809	1.0
O60583	P36897	0.16666666666666666
O60583	Q9UPN9	0.5
O60583	P28482	0.75
O60583	P01137	0.16666666666666666
O60583	P09874	0.5
O60583	P18084	0.25
O60583	P49336	1.0
O60583	Q9NS15	0.25
O60583	Q9UN42	0.5
O60583	P12757	0.5
O60583	Q15329	1.0
O60583	P05556	0.25
O60583	P18564	0.25
O60583	P08047	1.0
O60583	Q16254	1.0
O60583	P05121	1.0
O60583	Q13145	0.2
O60583	P61077	0.5
O60583	Q9Y624	0.25
O60583	P62987	0.42857142857142855
O60583	P12755	0.5
O60583	Q8TEW0	0.25
O60583	Q15843	0.25
O60583	Q14767	0.25
O60583	Q96PU5	0.3333333333333333
O60583	P26012	0.25
O60583	P62979	0.42857142857142855
O60583	Q15796	0.5
O60583	Q9Y3F4	0.2
O60583	O75807	0.2
O60583	P53708	0.25
O60583	P0CG47	0.42857142857142855
O60583	P61081	0.25
O60583	Q05513	0.25
O60583	Q9GZV5	0.75
O60583	P42772	1.0
O60583	O75376	0.5
O60583	Q93008	0.5
O60583	P01106	1.0
O60583	P37173	0.16666666666666666
O60583	P10600	0.25
O60583	P05106	0.25
O60583	Q9NYA4	0.2
O60583	Q14186	1.0
O60583	Q6ZNA4	0.75
O60583	P35813	0.5
O60583	Q14188	1.0
O60583	Q9UNE7	0.2
O60583	Q13547	0.75
O60583	P17275	1.0
O60583	P50750	1.0
O60583	P28749	1.0
O60583	Q13485	0.6
O60583	Q09472	1.0
P84022	Q15583	0.6666666666666666
P84022	Q9Y5K5	0.5
P84022	Q9HCE7	0.42857142857142855
P84022	Q9Y618	0.5
P84022	Q03167	0.3333333333333333
P84022	Q9HAU4	0.8333333333333334
P84022	Q8N2S1	0.3333333333333333
P84022	Q9NPB6	0.14285714285714285
P84022	Q969W9	0.5
P84022	Q6ZSZ5	0.14285714285714285
P84022	Q9Y4E8	0.5
P84022	Q14766	0.3333333333333333
P84022	Q13573	0.5
P84022	Q9P2M7	0.14285714285714285
P84022	Q9GZN2	0.6666666666666666
P84022	Q9UPN9	0.5
P84022	Q9NS15	0.3333333333333333
P84022	Q9UN42	0.5
P84022	Q15329	0.5
P84022	Q16254	0.5
P84022	Q13145	0.5
P84022	Q9Y624	0.14285714285714285
P84022	Q8TEW0	0.14285714285714285
P84022	Q15843	0.3333333333333333
P84022	Q14767	0.3333333333333333
P84022	Q96PU5	0.8333333333333334
P84022	Q15796	1.0
P84022	Q9Y3F4	0.5
P84022	Q05513	0.14285714285714285
P84022	Q9GZV5	0.6666666666666666
P84022	Q93008	0.5
P84022	Q9NYA4	0.5
P84022	Q14186	0.5
P84022	Q6ZNA4	0.6666666666666666
P84022	Q14188	0.5
P84022	Q9UNE7	0.5
P84022	Q13547	0.6666666666666666
P84022	Q13485	0.8333333333333334
P84022	Q09472	0.5
Q9Y618	Q9Y624	0.25
Q03167	Q15583	0.2
Q03167	Q9Y5K5	0.6666666666666666
Q03167	Q9HCE7	0.5
Q03167	Q9Y618	0.25
Q03167	Q9HAU4	0.4
Q03167	Q8N2S1	1.0
Q03167	Q9NPB6	0.3333333333333333
Q03167	Q969W9	0.6666666666666666
Q03167	Q6ZSZ5	0.3333333333333333
Q03167	Q9Y4E8	0.6666666666666666
Q03167	Q14766	1.0
Q03167	Q13573	0.25
Q03167	Q9P2M7	0.3333333333333333
Q03167	Q9GZN2	0.2
Q03167	Q9UPN9	0.25
Q03167	Q9NS15	1.0
Q03167	Q9UN42	0.25
Q03167	Q15329	0.25
Q03167	Q16254	0.25
Q03167	Q13145	0.6666666666666666
Q03167	Q9Y624	0.3333333333333333
Q03167	Q8TEW0	0.3333333333333333
Q03167	Q15843	1.0
Q03167	Q14767	1.0
Q03167	Q96PU5	0.4
Q03167	Q15796	0.3333333333333333
Q03167	Q9Y3F4	0.6666666666666666
Q03167	Q05513	0.3333333333333333
Q03167	Q9GZV5	0.2
Q03167	Q93008	0.25
Q03167	Q9NYA4	0.6666666666666666
Q03167	Q14186	0.25
Q03167	Q6ZNA4	0.2
Q03167	Q14188	0.25
Q03167	Q9UNE7	0.6666666666666666
Q03167	Q13547	0.2
Q03167	Q13485	0.4
Q03167	Q09472	0.25
Q9HAU4	Q9Y5K5	0.6
Q9HAU4	Q9HCE7	0.5
Q9HAU4	Q9Y618	0.6
Q9HAU4	Q9NPB6	0.16666666666666666
Q9HAU4	Q9Y4E8	0.6
Q9HAU4	Q9P2M7	0.16666666666666666
Q9HAU4	Q9UPN9	0.6
Q9HAU4	Q9NS15	0.4
Q9HAU4	Q9UN42	0.6
Q9HAU4	Q9Y624	0.16666666666666666
Q9HAU4	Q9Y3F4	0.6
Q9HAU4	Q9NYA4	0.6
Q9HAU4	Q9UNE7	0.6
P62942	Q15583	0.16666666666666666
P62942	Q9Y5K5	0.5
P62942	Q9HCE7	0.75
P62942	P84022	0.2857142857142857
P62942	Q9Y618	0.2
P62942	Q03167	0.6666666666666666
P62942	Q9HAU4	0.3333333333333333
P62942	Q8N2S1	0.6666666666666666
P62942	Q9NPB6	0.6666666666666666
P62942	Q969W9	0.5
P62942	Q6ZSZ5	0.6666666666666666
P62942	Q9Y4E8	0.5
P62942	Q14766	0.6666666666666666
P62942	Q13573	0.2
P62942	Q9P2M7	0.6666666666666666
P62942	Q9GZN2	0.16666666666666666
P62942	P67809	0.2
P62942	Q9UPN9	0.2
P62942	Q9NS15	0.6666666666666666
P62942	Q9UN42	0.2
P62942	Q15329	0.2
P62942	Q16254	0.2
P62942	Q13145	0.5
P62942	Q9Y624	0.6666666666666666
P62942	P62987	0.42857142857142855
P62942	Q8TEW0	0.6666666666666666
P62942	Q15843	0.6666666666666666
P62942	Q14767	0.6666666666666666
P62942	Q96PU5	0.3333333333333333
P62942	P62979	0.42857142857142855
P62942	Q15796	0.2857142857142857
P62942	Q9Y3F4	0.5
P62942	Q05513	0.6666666666666666
P62942	Q9GZV5	0.16666666666666666
P62942	Q93008	0.2
P62942	Q9NYA4	0.5
P62942	Q14186	0.2
P62942	Q6ZNA4	0.16666666666666666
P62942	Q14188	0.2
P62942	Q9UNE7	0.5
P62942	Q13547	0.16666666666666666
P62942	Q13485	0.3333333333333333
P62942	Q09472	0.2
Q8N2S1	Q9Y5K5	0.6666666666666666
Q8N2S1	Q9HCE7	0.5
Q8N2S1	Q9Y618	0.25
Q8N2S1	Q9HAU4	0.4
Q8N2S1	Q9NPB6	0.3333333333333333
Q8N2S1	Q969W9	0.6666666666666666
Q8N2S1	Q9Y4E8	0.6666666666666666
Q8N2S1	Q9P2M7	0.3333333333333333
Q8N2S1	Q9GZN2	0.2
Q8N2S1	Q9UPN9	0.25
Q8N2S1	Q9NS15	1.0
Q8N2S1	Q9UN42	0.25
Q8N2S1	Q9Y624	0.3333333333333333
Q8N2S1	Q8TEW0	0.3333333333333333
Q8N2S1	Q96PU5	0.4
Q8N2S1	Q9Y3F4	0.6666666666666666
Q8N2S1	Q9GZV5	0.2
Q8N2S1	Q93008	0.25
Q8N2S1	Q9NYA4	0.6666666666666666
Q8N2S1	Q9UNE7	0.6666666666666666
Q9NPB6	Q9Y5K5	0.25
Q9NPB6	Q9Y618	0.25
Q9NPB6	Q9Y4E8	0.25
Q9NPB6	Q9P2M7	1.0
Q9NPB6	Q9UPN9	0.25
Q9NPB6	Q9NS15	0.3333333333333333
Q9NPB6	Q9UN42	0.25
Q9NPB6	Q9Y624	1.0
Q9NPB6	Q9Y3F4	0.25
Q9NPB6	Q9NYA4	0.25
Q9NPB6	Q9UNE7	0.25
Q969W9	Q9Y5K5	1.0
Q969W9	Q9HCE7	0.75
Q969W9	Q9Y618	0.2
Q969W9	Q9HAU4	0.6
Q969W9	Q9NPB6	0.25
Q969W9	Q9Y4E8	1.0
Q969W9	Q9P2M7	0.25
Q969W9	Q9GZN2	0.16666666666666666
Q969W9	Q9UPN9	0.2
Q969W9	Q9NS15	0.6666666666666666
Q969W9	Q9UN42	0.2
Q969W9	Q9Y624	0.25
Q969W9	Q96PU5	0.6
Q969W9	Q9Y3F4	1.0
Q969W9	Q9GZV5	0.16666666666666666
Q969W9	Q9NYA4	1.0
Q969W9	Q9UNE7	1.0
Q6ZSZ5	Q9Y5K5	0.25
Q6ZSZ5	Q9HCE7	0.5
Q6ZSZ5	Q9Y618	0.25
Q6ZSZ5	Q9HAU4	0.16666666666666666
Q6ZSZ5	Q8N2S1	0.3333333333333333
Q6ZSZ5	Q9NPB6	1.0
Q6ZSZ5	Q969W9	0.25
Q6ZSZ5	Q9Y4E8	0.25
Q6ZSZ5	Q9P2M7	1.0
Q6ZSZ5	Q9GZN2	0.2
Q6ZSZ5	Q9UPN9	0.25
Q6ZSZ5	Q9NS15	0.3333333333333333
Q6ZSZ5	Q9UN42	0.25
Q6ZSZ5	Q9Y624	1.0
Q6ZSZ5	Q8TEW0	1.0
Q6ZSZ5	Q96PU5	0.16666666666666666
Q6ZSZ5	Q9Y3F4	0.25
Q6ZSZ5	Q9GZV5	0.2
Q6ZSZ5	Q93008	0.25
Q6ZSZ5	Q9NYA4	0.25
Q6ZSZ5	Q9UNE7	0.25
Q9Y4E8	Q9Y5K5	1.0
Q9Y4E8	Q9Y618	0.2
Q9Y4E8	Q9Y624	0.25
P27361	Q15583	1.0
P27361	Q9Y5K5	0.16666666666666666
P27361	Q9HCE7	0.14285714285714285
P27361	P84022	0.6666666666666666
P27361	Q9Y618	0.75
P27361	Q03167	0.2
P27361	Q9HAU4	0.5
P27361	P62942	0.16666666666666666
P27361	Q8N2S1	0.2
P27361	Q9NPB6	0.2
P27361	Q969W9	0.16666666666666666
P27361	Q6ZSZ5	0.2
P27361	Q9Y4E8	0.16666666666666666
P27361	P62140	0.16666666666666666
P27361	Q14766	0.2
P27361	Q13573	0.75
P27361	P51668	0.75
P27361	P61812	0.2
P27361	P36873	0.16666666666666666
P27361	P62136	0.16666666666666666
P27361	Q9P2M7	0.2
P27361	P61586	0.2
P27361	Q9GZN2	1.0
P27361	P67809	0.75
P27361	P36897	0.14285714285714285
P27361	Q9UPN9	0.75
P27361	P28482	1.0
P27361	P49336	0.75
P27361	Q9NS15	0.2
P27361	Q9UN42	0.75
P27361	Q15329	0.75
P27361	Q16254	0.75
P27361	Q13145	0.16666666666666666
P27361	P61077	0.75
P27361	Q9Y624	0.2
P27361	P62987	0.5714285714285714
P27361	Q8TEW0	0.2
P27361	Q15843	0.2
P27361	Q14767	0.2
P27361	Q96PU5	0.5
P27361	P62979	0.5714285714285714
P27361	Q15796	0.6666666666666666
P27361	Q9Y3F4	0.16666666666666666
P27361	P53708	0.2
P27361	P61081	0.2
P27361	Q05513	0.2
P27361	Q9GZV5	1.0
P27361	P42772	0.75
P27361	Q93008	0.75
P27361	P37173	0.14285714285714285
P27361	Q9NYA4	0.16666666666666666
P27361	Q14186	0.75
P27361	Q6ZNA4	1.0
P27361	P35813	0.75
P27361	Q14188	0.75
P27361	Q9UNE7	0.16666666666666666
P27361	Q13547	1.0
P27361	P50750	0.75
P27361	P28749	0.75
P27361	Q13485	0.8
P27361	Q09472	0.75
P62140	Q15583	0.16666666666666666
P62140	Q9Y5K5	1.0
P62140	Q9HCE7	0.75
P62140	P84022	0.5
P62140	Q9Y618	0.2
P62140	Q03167	0.6666666666666666
P62140	Q9HAU4	0.6
P62140	P62942	0.5
P62140	Q8N2S1	0.6666666666666666
P62140	Q9NPB6	0.25
P62140	Q969W9	1.0
P62140	Q6ZSZ5	0.25
P62140	Q9Y4E8	1.0
P62140	Q14766	0.6666666666666666
P62140	Q13573	0.2
P62140	Q9P2M7	0.25
P62140	Q9GZN2	0.16666666666666666
P62140	P67809	0.2
P62140	Q9UPN9	0.2
P62140	Q9NS15	0.6666666666666666
P62140	Q9UN42	0.2
P62140	Q15329	0.2
P62140	Q16254	0.2
P62140	Q13145	1.0
P62140	Q9Y624	0.25
P62140	P62987	0.42857142857142855
P62140	Q8TEW0	0.25
P62140	Q15843	0.6666666666666666
P62140	Q14767	0.6666666666666666
P62140	Q96PU5	0.6
P62140	P62979	0.42857142857142855
P62140	Q15796	0.5
P62140	Q9Y3F4	1.0
P62140	Q05513	0.25
P62140	Q9GZV5	0.16666666666666666
P62140	Q93008	0.2
P62140	Q9NYA4	1.0
P62140	Q14186	0.2
P62140	Q6ZNA4	0.16666666666666666
P62140	Q14188	0.2
P62140	Q9UNE7	1.0
P62140	Q13547	0.16666666666666666
P62140	Q13485	0.3333333333333333
P62140	Q09472	0.2
O75909	Q15583	0.75
O75909	Q9Y5K5	0.2
O75909	Q9HCE7	0.16666666666666666
O75909	P84022	0.5
O75909	Q9Y618	0.5
O75909	Q03167	0.25
O75909	Q9HAU4	0.3333333333333333
O75909	P62942	0.2
O75909	Q8N2S1	0.25
O75909	Q9NPB6	0.25
O75909	Q969W9	0.2
O75909	Q6ZSZ5	0.25
O75909	Q9Y4E8	0.2
O75909	P27361	0.75
O75909	P62140	0.2
O75909	Q14766	0.25
O75909	P09958	0.75
O75909	Q13573	0.5
O75909	P51668	0.5
O75909	P61812	0.25
O75909	P22681	0.25
O75909	P36873	0.2
O75909	P62136	0.2
O75909	P0CG48	0.42857142857142855
O75909	P08123	1.0
O75909	Q9P2M7	0.25
O75909	P06756	0.25
O75909	P61586	0.25
O75909	Q9GZN2	0.75
O75909	P24863	1.0
O75909	P67809	1.0
O75909	P36897	0.16666666666666666
O75909	Q9UPN9	0.5
O75909	P28482	0.75
O75909	P01137	0.16666666666666666
O75909	P09874	0.5
O75909	P18084	0.25
O75909	P49336	1.0
O75909	Q9NS15	0.25
O75909	Q9UN42	0.5
O75909	P12757	0.5
O75909	Q15329	1.0
O75909	P05556	0.25
O75909	P18564	0.25
O75909	P08047	1.0
O75909	Q16254	1.0
O75909	P05121	1.0
O75909	Q13145	0.2
O75909	P61077	0.5
O75909	Q9Y624	0.25
O75909	P62987	0.42857142857142855
O75909	P12755	0.5
O75909	Q8TEW0	0.25
O75909	Q15843	0.25
O75909	Q14767	0.25
O75909	Q96PU5	0.3333333333333333
O75909	P26012	0.25
O75909	P62979	0.42857142857142855
O75909	Q15796	0.5
O75909	Q9Y3F4	0.2
O75909	P53708	0.25
O75909	P0CG47	0.42857142857142855
O75909	P61081	0.25
O75909	Q05513	0.25
O75909	Q9GZV5	0.75
O75909	P42772	1.0
O75909	Q93008	0.5
O75909	P01106	1.0
O75909	P37173	0.16666666666666666
O75909	P10600	0.25
O75909	P05106	0.25
O75909	Q9NYA4	0.2
O75909	Q14186	1.0
O75909	Q6ZNA4	0.75
O75909	P35813	0.5
O75909	Q14188	1.0
O75909	Q9UNE7	0.2
O75909	Q13547	0.75
O75909	P17275	1.0
O75909	P50750	1.0
O75909	P28749	1.0
O75909	Q13485	0.6
O75909	Q09472	1.0
Q14766	Q15583	0.2
Q14766	Q9Y5K5	0.6666666666666666
Q14766	Q9HCE7	0.5
Q14766	Q9Y618	0.25
Q14766	Q9HAU4	0.4
Q14766	Q8N2S1	1.0
Q14766	Q9NPB6	0.3333333333333333
Q14766	Q969W9	0.6666666666666666
Q14766	Q6ZSZ5	0.3333333333333333
Q14766	Q9Y4E8	0.6666666666666666
Q14766	Q9P2M7	0.3333333333333333
Q14766	Q9GZN2	0.2
Q14766	Q9UPN9	0.25
Q14766	Q9NS15	1.0
Q14766	Q9UN42	0.25
Q14766	Q15329	0.25
Q14766	Q16254	0.25
Q14766	Q9Y624	0.3333333333333333
Q14766	Q8TEW0	0.3333333333333333
Q14766	Q15843	1.0
Q14766	Q14767	1.0
Q14766	Q96PU5	0.4
Q14766	Q15796	0.3333333333333333
Q14766	Q9Y3F4	0.6666666666666666
Q14766	Q9GZV5	0.2
Q14766	Q93008	0.25
Q14766	Q9NYA4	0.6666666666666666
Q14766	Q6ZNA4	0.2
Q14766	Q9UNE7	0.6666666666666666
P09958	Q15583	0.6
P09958	Q9Y5K5	0.4
P09958	Q9HCE7	0.3333333333333333
P09958	P84022	0.6666666666666666
P09958	Q9Y618	0.4
P09958	Q03167	0.5
P09958	Q9HAU4	0.5
P09958	P62942	0.4
P09958	Q8N2S1	0.5
P09958	Q9NPB6	0.2
P09958	Q969W9	0.4
P09958	Q6ZSZ5	0.2
P09958	Q9Y4E8	0.4
P09958	P27361	0.6
P09958	P62140	0.4
P09958	Q14766	0.5
P09958	Q13573	0.4
P09958	P51668	0.4
P09958	P61812	0.5
P09958	P22681	0.5
P09958	P36873	0.4
P09958	P62136	0.4
P09958	P0CG48	0.5714285714285714
P09958	Q9P2M7	0.2
P09958	P61586	0.2
P09958	Q9GZN2	0.6
P09958	P24863	0.75
P09958	P67809	0.75
P09958	P36897	0.3333333333333333
P09958	Q9UPN9	0.4
P09958	P28482	0.6
P09958	P18084	0.5
P09958	P49336	0.75
P09958	Q9NS15	0.5
P09958	Q9UN42	0.4
P09958	P12757	0.4
P09958	Q15329	0.75
P09958	P18564	0.5
P09958	Q16254	0.75
P09958	Q13145	0.4
P09958	P61077	0.4
P09958	Q9Y624	0.2
P09958	P62987	0.5714285714285714
P09958	P12755	0.4
P09958	Q8TEW0	0.2
P09958	Q15843	0.5
P09958	Q14767	0.5
P09958	Q96PU5	0.5
P09958	P26012	0.5
P09958	P62979	0.5714285714285714
P09958	Q15796	0.6666666666666666
P09958	Q9Y3F4	0.4
P09958	P53708	0.5
P09958	P0CG47	0.5714285714285714
P09958	P61081	0.5
P09958	Q05513	0.2
P09958	Q9GZV5	0.6
P09958	P42772	0.75
P09958	Q93008	0.4
P09958	P37173	0.3333333333333333
P09958	P10600	0.5
P09958	Q9NYA4	0.4
P09958	Q14186	0.75
P09958	Q6ZNA4	0.6
P09958	P35813	0.4
P09958	Q14188	0.75
P09958	Q9UNE7	0.4
P09958	Q13547	0.6
P09958	P17275	0.75
P09958	P50750	0.75
P09958	P28749	0.75
P09958	Q13485	0.8
P09958	Q09472	0.75
Q13573	Q15583	0.75
Q13573	Q9Y5K5	0.2
Q13573	Q9HCE7	0.16666666666666666
Q13573	Q9Y618	1.0
Q13573	Q9HAU4	0.6
Q13573	Q8N2S1	0.25
Q13573	Q9NPB6	0.25
Q13573	Q969W9	0.2
Q13573	Q6ZSZ5	0.25
Q13573	Q9Y4E8	0.2
Q13573	Q14766	0.25
Q13573	Q9P2M7	0.25
Q13573	Q9GZN2	0.75
Q13573	Q9UPN9	1.0
Q13573	Q9NS15	0.25
Q13573	Q9UN42	1.0
Q13573	Q15329	0.5
Q13573	Q16254	0.5
Q13573	Q9Y624	0.25
Q13573	Q8TEW0	0.25
Q13573	Q15843	0.25
Q13573	Q14767	0.25
Q13573	Q96PU5	0.6
Q13573	Q15796	0.5
Q13573	Q9Y3F4	0.2
Q13573	Q9GZV5	0.75
Q13573	Q93008	1.0
Q13573	Q9NYA4	0.2
Q13573	Q14186	0.5
Q13573	Q6ZNA4	0.75
Q13573	Q14188	0.5
Q13573	Q9UNE7	0.2
P51668	Q15583	0.75
P51668	Q9Y5K5	0.2
P51668	Q9HCE7	0.16666666666666666
P51668	P84022	0.5
P51668	Q9Y618	1.0
P51668	Q03167	0.25
P51668	Q9HAU4	0.6
P51668	P62942	0.2
P51668	Q8N2S1	0.25
P51668	Q9NPB6	0.25
P51668	Q969W9	0.2
P51668	Q6ZSZ5	0.25
P51668	Q9Y4E8	0.2
P51668	P62140	0.2
P51668	Q14766	0.25
P51668	Q13573	1.0
P51668	P61812	0.25
P51668	P62136	0.2
P51668	Q9P2M7	0.25
P51668	P61586	0.25
P51668	Q9GZN2	0.75
P51668	P67809	0.5
P51668	Q9UPN9	1.0
P51668	Q9NS15	0.25
P51668	Q9UN42	1.0
P51668	Q15329	0.5
P51668	Q16254	0.5
P51668	Q13145	0.2
P51668	P61077	1.0
P51668	Q9Y624	0.25
P51668	P62987	0.42857142857142855
P51668	Q8TEW0	0.25
P51668	Q15843	0.25
P51668	Q14767	0.25
P51668	Q96PU5	0.6
P51668	P62979	0.42857142857142855
P51668	Q15796	0.5
P51668	Q9Y3F4	0.2
P51668	P53708	0.25
P51668	P61081	0.25
P51668	Q05513	0.25
P51668	Q9GZV5	0.75
P51668	Q93008	1.0
P51668	Q9NYA4	0.2
P51668	Q14186	0.5
P51668	Q6ZNA4	0.75
P51668	Q14188	0.5
P51668	Q9UNE7	0.2
P51668	Q13547	0.75
P51668	Q13485	0.6
P51668	Q09472	0.5
P61812	Q15583	0.2
P61812	Q9Y5K5	0.6666666666666666
P61812	Q9HCE7	0.5
P61812	P84022	0.3333333333333333
P61812	Q9Y618	0.25
P61812	Q03167	1.0
P61812	Q9HAU4	0.4
P61812	P62942	0.6666666666666666
P61812	Q8N2S1	1.0
P61812	Q9NPB6	0.3333333333333333
P61812	Q969W9	0.6666666666666666
P61812	Q6ZSZ5	0.3333333333333333
P61812	Q9Y4E8	0.6666666666666666
P61812	P62140	0.6666666666666666
P61812	Q14766	1.0
P61812	Q13573	0.25
P61812	P62136	0.6666666666666666
P61812	Q9P2M7	0.3333333333333333
P61812	Q9GZN2	0.2
P61812	P67809	0.25
P61812	Q9UPN9	0.25
P61812	Q9NS15	1.0
P61812	Q9UN42	0.25
P61812	Q15329	0.25
P61812	Q16254	0.25
P61812	Q13145	0.6666666666666666
P61812	Q9Y624	0.3333333333333333
P61812	P62987	0.2857142857142857
P61812	Q8TEW0	0.3333333333333333
P61812	Q15843	1.0
P61812	Q14767	1.0
P61812	Q96PU5	0.4
P61812	P62979	0.2857142857142857
P61812	Q15796	0.3333333333333333
P61812	Q9Y3F4	0.6666666666666666
P61812	Q05513	0.3333333333333333
P61812	Q9GZV5	0.2
P61812	Q93008	0.25
P61812	Q9NYA4	0.6666666666666666
P61812	Q14186	0.25
P61812	Q6ZNA4	0.2
P61812	Q14188	0.25
P61812	Q9UNE7	0.6666666666666666
P61812	Q13547	0.2
P61812	Q13485	0.4
P61812	Q09472	0.25
P22681	Q15583	0.2
P22681	Q9Y5K5	0.6666666666666666
P22681	Q9HCE7	0.5
P22681	P84022	0.3333333333333333
P22681	Q9Y618	0.25
P22681	Q03167	1.0
P22681	Q9HAU4	0.4
P22681	P62942	0.6666666666666666
P22681	Q8N2S1	1.0
P22681	Q9NPB6	0.3333333333333333
P22681	Q969W9	0.6666666666666666
P22681	Q6ZSZ5	0.3333333333333333
P22681	Q9Y4E8	0.6666666666666666
P22681	P27361	0.2
P22681	P62140	0.6666666666666666
P22681	Q14766	1.0
P22681	Q13573	0.25
P22681	P51668	0.25
P22681	P61812	1.0
P22681	P36873	0.6666666666666666
P22681	P62136	0.6666666666666666
P22681	Q9P2M7	0.3333333333333333
P22681	P61586	0.3333333333333333
P22681	Q9GZN2	0.2
P22681	P24863	0.25
P22681	P67809	0.25
P22681	P36897	0.5
P22681	Q9UPN9	0.25
P22681	P28482	0.2
P22681	P49336	0.25
P22681	Q9NS15	1.0
P22681	Q9UN42	0.25
P22681	Q15329	0.25
P22681	Q16254	0.25
P22681	Q13145	0.6666666666666666
P22681	P61077	0.25
P22681	Q9Y624	0.3333333333333333
P22681	P62987	0.2857142857142857
P22681	Q8TEW0	0.3333333333333333
P22681	Q15843	1.0
P22681	Q14767	1.0
P22681	Q96PU5	0.4
P22681	P26012	1.0
P22681	P62979	0.2857142857142857
P22681	Q15796	0.3333333333333333
P22681	Q9Y3F4	0.6666666666666666
P22681	P53708	1.0
P22681	P61081	1.0
P22681	Q05513	0.3333333333333333
P22681	Q9GZV5	0.2
P22681	P42772	0.25
P22681	Q93008	0.25
P22681	P37173	0.5
P22681	Q9NYA4	0.6666666666666666
P22681	Q14186	0.25
P22681	Q6ZNA4	0.2
P22681	P35813	0.25
P22681	Q14188	0.25
P22681	Q9UNE7	0.6666666666666666
P22681	Q13547	0.2
P22681	P50750	0.25
P22681	P28749	0.25
P22681	Q13485	0.4
P22681	Q09472	0.25
P36873	Q15583	0.16666666666666666
P36873	Q9Y5K5	1.0
P36873	Q9HCE7	0.75
P36873	P84022	0.5
P36873	Q9Y618	0.2
P36873	Q03167	0.6666666666666666
P36873	Q9HAU4	0.6
P36873	P62942	0.5
P36873	Q8N2S1	0.6666666666666666
P36873	Q9NPB6	0.25
P36873	Q969W9	1.0
P36873	Q6ZSZ5	0.25
P36873	Q9Y4E8	1.0
P36873	P62140	1.0
P36873	Q14766	0.6666666666666666
P36873	Q13573	0.2
P36873	P51668	0.2
P36873	P61812	0.6666666666666666
P36873	P62136	1.0
P36873	Q9P2M7	0.25
P36873	P61586	0.25
P36873	Q9GZN2	0.16666666666666666
P36873	P67809	0.2
P36873	P36897	0.75
P36873	Q9UPN9	0.2
P36873	P49336	0.2
P36873	Q9NS15	0.6666666666666666
P36873	Q9UN42	0.2
P36873	Q15329	0.2
P36873	Q16254	0.2
P36873	Q13145	1.0
P36873	P61077	0.2
P36873	Q9Y624	0.25
P36873	P62987	0.42857142857142855
P36873	Q8TEW0	0.25
P36873	Q15843	0.6666666666666666
P36873	Q14767	0.6666666666666666
P36873	Q96PU5	0.6
P36873	P62979	0.42857142857142855
P36873	Q15796	0.5
P36873	Q9Y3F4	1.0
P36873	P53708	0.6666666666666666
P36873	P61081	0.6666666666666666
P36873	Q05513	0.25
P36873	Q9GZV5	0.16666666666666666
P36873	P42772	0.2
P36873	Q93008	0.2
P36873	P37173	0.75
P36873	Q9NYA4	1.0
P36873	Q14186	0.2
P36873	Q6ZNA4	0.16666666666666666
P36873	Q14188	0.2
P36873	Q9UNE7	1.0
P36873	Q13547	0.16666666666666666
P36873	P50750	0.2
P36873	Q13485	0.3333333333333333
P36873	Q09472	0.2
P62136	Q15583	0.16666666666666666
P62136	Q9Y5K5	1.0
P62136	Q9HCE7	0.75
P62136	P84022	0.5
P62136	Q9Y618	0.2
P62136	Q03167	0.6666666666666666
P62136	Q9HAU4	0.6
P62136	P62942	0.5
P62136	Q8N2S1	0.6666666666666666
P62136	Q9NPB6	0.25
P62136	Q969W9	1.0
P62136	Q6ZSZ5	0.25
P62136	Q9Y4E8	1.0
P62136	P62140	1.0
P62136	Q14766	0.6666666666666666
P62136	Q13573	0.2
P62136	Q9P2M7	0.25
P62136	Q9GZN2	0.16666666666666666
P62136	P67809	0.2
P62136	Q9UPN9	0.2
P62136	Q9NS15	0.6666666666666666
P62136	Q9UN42	0.2
P62136	Q15329	0.2
P62136	Q16254	0.2
P62136	Q13145	1.0
P62136	Q9Y624	0.25
P62136	P62987	0.42857142857142855
P62136	Q8TEW0	0.25
P62136	Q15843	0.6666666666666666
P62136	Q14767	0.6666666666666666
P62136	Q96PU5	0.6
P62136	P62979	0.42857142857142855
P62136	Q15796	0.5
P62136	Q9Y3F4	1.0
P62136	Q05513	0.25
P62136	Q9GZV5	0.16666666666666666
P62136	Q93008	0.2
P62136	Q9NYA4	1.0
P62136	Q14186	0.2
P62136	Q6ZNA4	0.16666666666666666
P62136	Q14188	0.2
P62136	Q9UNE7	1.0
P62136	Q13547	0.16666666666666666
P62136	Q13485	0.3333333333333333
P62136	Q09472	0.2
P0CG48	Q15583	0.5714285714285714
P0CG48	Q9Y5K5	0.42857142857142855
P0CG48	Q9HCE7	0.5714285714285714
P0CG48	P84022	0.8571428571428571
P0CG48	Q9Y618	0.42857142857142855
P0CG48	Q03167	0.2857142857142857
P0CG48	Q9HAU4	0.7142857142857143
P0CG48	P62942	0.42857142857142855
P0CG48	Q8N2S1	0.2857142857142857
P0CG48	Q9NPB6	0.2857142857142857
P0CG48	Q969W9	0.42857142857142855
P0CG48	Q6ZSZ5	0.2857142857142857
P0CG48	Q9Y4E8	0.42857142857142855
P0CG48	P27361	0.5714285714285714
P0CG48	P62140	0.42857142857142855
P0CG48	Q14766	0.2857142857142857
P0CG48	Q13573	0.42857142857142855
P0CG48	P51668	0.42857142857142855
P0CG48	P61812	0.2857142857142857
P0CG48	P22681	0.2857142857142857
P0CG48	P36873	0.42857142857142855
P0CG48	P62136	0.42857142857142855
P0CG48	Q9P2M7	0.2857142857142857
P0CG48	P61586	0.2857142857142857
P0CG48	Q9GZN2	0.5714285714285714
P0CG48	P24863	0.42857142857142855
P0CG48	P67809	0.42857142857142855
P0CG48	P36897	0.5714285714285714
P0CG48	Q9UPN9	0.42857142857142855
P0CG48	P28482	0.5714285714285714
P0CG48	P18084	0.2857142857142857
P0CG48	P49336	0.42857142857142855
P0CG48	Q9NS15	0.2857142857142857
P0CG48	Q9UN42	0.42857142857142855
P0CG48	P12757	0.42857142857142855
P0CG48	Q15329	0.42857142857142855
P0CG48	P18564	0.2857142857142857
P0CG48	Q16254	0.42857142857142855
P0CG48	Q13145	0.42857142857142855
P0CG48	P61077	0.42857142857142855
P0CG48	Q9Y624	0.2857142857142857
P0CG48	P62987	1.0
P0CG48	P12755	0.42857142857142855
P0CG48	Q8TEW0	0.2857142857142857
P0CG48	Q15843	0.2857142857142857
P0CG48	Q14767	0.2857142857142857
P0CG48	Q96PU5	0.7142857142857143
P0CG48	P26012	0.2857142857142857
P0CG48	P62979	1.0
P0CG48	Q15796	0.8571428571428571
P0CG48	Q9Y3F4	0.42857142857142855
P0CG48	P53708	0.2857142857142857
P0CG48	P61081	0.2857142857142857
P0CG48	Q05513	0.2857142857142857
P0CG48	Q9GZV5	0.5714285714285714
P0CG48	P42772	0.42857142857142855
P0CG48	Q93008	0.42857142857142855
P0CG48	P37173	0.5714285714285714
P0CG48	P10600	0.2857142857142857
P0CG48	Q9NYA4	0.42857142857142855
P0CG48	Q14186	0.42857142857142855
P0CG48	Q6ZNA4	0.5714285714285714
P0CG48	P35813	0.42857142857142855
P0CG48	Q14188	0.42857142857142855
P0CG48	Q9UNE7	0.42857142857142855
P0CG48	Q13547	0.5714285714285714
P0CG48	P17275	0.42857142857142855
P0CG48	P50750	0.42857142857142855
P0CG48	P28749	0.42857142857142855
P0CG48	Q13485	0.7142857142857143
P0CG48	Q09472	0.42857142857142855
P08123	Q15583	0.75
P08123	Q9Y5K5	0.2
P08123	Q9HCE7	0.16666666666666666
P08123	P84022	0.5
P08123	Q9Y618	0.5
P08123	Q03167	0.25
P08123	Q9HAU4	0.3333333333333333
P08123	P62942	0.2
P08123	Q8N2S1	0.25
P08123	Q9NPB6	0.25
P08123	Q969W9	0.2
P08123	Q6ZSZ5	0.25
P08123	Q9Y4E8	0.2
P08123	P27361	0.75
P08123	P62140	0.2
P08123	Q14766	0.25
P08123	P09958	0.75
P08123	Q13573	0.5
P08123	P51668	0.5
P08123	P61812	0.25
P08123	P22681	0.25
P08123	P36873	0.2
P08123	P62136	0.2
P08123	P0CG48	0.42857142857142855
P08123	Q9P2M7	0.25
P08123	P61586	0.25
P08123	Q9GZN2	0.75
P08123	P24863	1.0
P08123	P67809	1.0
P08123	P36897	0.16666666666666666
P08123	Q9UPN9	0.5
P08123	P28482	0.75
P08123	P09874	0.5
P08123	P18084	0.25
P08123	P49336	1.0
P08123	Q9NS15	0.25
P08123	Q9UN42	0.5
P08123	P12757	0.5
P08123	Q15329	1.0
P08123	P18564	0.25
P08123	Q16254	1.0
P08123	Q13145	0.2
P08123	P61077	0.5
P08123	Q9Y624	0.25
P08123	P62987	0.42857142857142855
P08123	P12755	0.5
P08123	Q8TEW0	0.25
P08123	Q15843	0.25
P08123	Q14767	0.25
P08123	Q96PU5	0.3333333333333333
P08123	P26012	0.25
P08123	P62979	0.42857142857142855
P08123	Q15796	0.5
P08123	Q9Y3F4	0.2
P08123	P53708	0.25
P08123	P0CG47	0.42857142857142855
P08123	P61081	0.25
P08123	Q05513	0.25
P08123	Q9GZV5	0.75
P08123	P42772	1.0
P08123	Q93008	0.5
P08123	P37173	0.16666666666666666
P08123	P10600	0.25
P08123	Q9NYA4	0.2
P08123	Q14186	1.0
P08123	Q6ZNA4	0.75
P08123	P35813	0.5
P08123	Q14188	1.0
P08123	Q9UNE7	0.2
P08123	Q13547	0.75
P08123	P17275	1.0
P08123	P50750	1.0
P08123	P28749	1.0
P08123	Q13485	0.6
P08123	Q09472	1.0
Q9P2M7	Q9Y5K5	0.25
Q9P2M7	Q9Y618	0.25
Q9P2M7	Q9Y4E8	0.25
Q9P2M7	Q9UPN9	0.25
Q9P2M7	Q9UN42	0.25
Q9P2M7	Q9Y624	1.0
Q9P2M7	Q9Y3F4	0.25
Q9P2M7	Q9UNE7	0.25
P06756	Q15583	0.2
P06756	Q9Y5K5	0.6666666666666666
P06756	Q9HCE7	0.5
P06756	P84022	0.3333333333333333
P06756	Q9Y618	0.25
P06756	Q03167	1.0
P06756	Q9HAU4	0.4
P06756	P62942	0.6666666666666666
P06756	Q8N2S1	1.0
P06756	Q9NPB6	0.3333333333333333
P06756	Q969W9	0.6666666666666666
P06756	Q6ZSZ5	0.3333333333333333
P06756	Q9Y4E8	0.6666666666666666
P06756	P27361	0.2
P06756	P62140	0.6666666666666666
P06756	Q14766	1.0
P06756	P09958	0.5
P06756	Q13573	0.25
P06756	P51668	0.25
P06756	P61812	1.0
P06756	P22681	1.0
P06756	P36873	0.6666666666666666
P06756	P62136	0.6666666666666666
P06756	P0CG48	0.2857142857142857
P06756	P08123	0.25
P06756	Q9P2M7	0.3333333333333333
P06756	P61586	0.3333333333333333
P06756	Q9GZN2	0.2
P06756	P24863	0.25
P06756	P67809	0.25
P06756	P36897	0.5
P06756	Q9UPN9	0.25
P06756	P28482	0.2
P06756	P09874	0.25
P06756	P18084	1.0
P06756	P49336	0.25
P06756	Q9NS15	1.0
P06756	Q9UN42	0.25
P06756	P12757	0.25
P06756	Q15329	0.25
P06756	P18564	1.0
P06756	P08047	0.25
P06756	Q16254	0.25
P06756	Q13145	0.6666666666666666
P06756	P61077	0.25
P06756	Q9Y624	0.3333333333333333
P06756	P62987	0.2857142857142857
P06756	P12755	0.25
P06756	Q8TEW0	0.3333333333333333
P06756	Q15843	1.0
P06756	Q14767	1.0
P06756	Q96PU5	0.4
P06756	P26012	1.0
P06756	P62979	0.2857142857142857
P06756	Q15796	0.3333333333333333
P06756	Q9Y3F4	0.6666666666666666
P06756	P53708	1.0
P06756	P0CG47	0.2857142857142857
P06756	P61081	1.0
P06756	Q05513	0.3333333333333333
P06756	Q9GZV5	0.2
P06756	P42772	0.25
P06756	Q93008	0.25
P06756	P37173	0.5
P06756	P10600	1.0
P06756	Q9NYA4	0.6666666666666666
P06756	Q14186	0.25
P06756	Q6ZNA4	0.2
P06756	P35813	0.25
P06756	Q14188	0.25
P06756	Q9UNE7	0.6666666666666666
P06756	Q13547	0.2
P06756	P17275	0.25
P06756	P50750	0.25
P06756	P28749	0.25
P06756	Q13485	0.4
P06756	Q09472	0.25
P61586	Q15583	0.2
P61586	Q9Y5K5	0.25
P61586	Q9HCE7	0.5
P61586	P84022	0.14285714285714285
P61586	Q9Y618	0.25
P61586	Q03167	0.3333333333333333
P61586	Q9HAU4	0.16666666666666666
P61586	P62942	0.6666666666666666
P61586	Q8N2S1	0.3333333333333333
P61586	Q9NPB6	1.0
P61586	Q969W9	0.25
P61586	Q6ZSZ5	1.0
P61586	Q9Y4E8	0.25
P61586	P62140	0.25
P61586	Q14766	0.3333333333333333
P61586	Q13573	0.25
P61586	P61812	0.3333333333333333
P61586	P62136	0.25
P61586	Q9P2M7	1.0
P61586	Q9GZN2	0.2
P61586	P67809	0.25
P61586	Q9UPN9	0.25
P61586	Q9NS15	0.3333333333333333
P61586	Q9UN42	0.25
P61586	Q15329	0.25
P61586	Q16254	0.25
P61586	Q13145	0.25
P61586	Q9Y624	1.0
P61586	P62987	0.2857142857142857
P61586	Q8TEW0	1.0
P61586	Q15843	0.3333333333333333
P61586	Q14767	0.3333333333333333
P61586	Q96PU5	0.16666666666666666
P61586	P62979	0.2857142857142857
P61586	Q15796	0.14285714285714285
P61586	Q9Y3F4	0.25
P61586	Q05513	1.0
P61586	Q9GZV5	0.2
P61586	Q93008	0.25
P61586	Q9NYA4	0.25
P61586	Q14186	0.25
P61586	Q6ZNA4	0.2
P61586	Q14188	0.25
P61586	Q9UNE7	0.25
P61586	Q13547	0.2
P61586	Q13485	0.16666666666666666
P61586	Q09472	0.25
Q9GZN2	Q9Y5K5	0.16666666666666666
Q9GZN2	Q9HCE7	0.14285714285714285
Q9GZN2	Q9Y618	0.75
Q9GZN2	Q9HAU4	0.5
Q9GZN2	Q9NPB6	0.2
Q9GZN2	Q9Y4E8	0.16666666666666666
Q9GZN2	Q9P2M7	0.2
Q9GZN2	Q9UPN9	0.75
Q9GZN2	Q9NS15	0.2
Q9GZN2	Q9UN42	0.75
Q9GZN2	Q9Y624	0.2
Q9GZN2	Q9Y3F4	0.16666666666666666
Q9GZN2	Q9GZV5	1.0
Q9GZN2	Q9NYA4	0.16666666666666666
Q9GZN2	Q9UNE7	0.16666666666666666
P24863	Q15583	0.75
P24863	Q9Y5K5	0.2
P24863	Q9HCE7	0.16666666666666666
P24863	P84022	0.5
P24863	Q9Y618	0.5
P24863	Q03167	0.25
P24863	Q9HAU4	0.3333333333333333
P24863	P62942	0.2
P24863	Q8N2S1	0.25
P24863	Q9NPB6	0.25
P24863	Q969W9	0.2
P24863	Q6ZSZ5	0.25
P24863	Q9Y4E8	0.2
P24863	P27361	0.75
P24863	P62140	0.2
P24863	Q14766	0.25
P24863	Q13573	0.5
P24863	P51668	0.5
P24863	P61812	0.25
P24863	P36873	0.2
P24863	P62136	0.2
P24863	Q9P2M7	0.25
P24863	P61586	0.25
P24863	Q9GZN2	0.75
P24863	P67809	1.0
P24863	P36897	0.16666666666666666
P24863	Q9UPN9	0.5
P24863	P28482	0.75
P24863	P49336	1.0
P24863	Q9NS15	0.25
P24863	Q9UN42	0.5
P24863	Q15329	1.0
P24863	Q16254	1.0
P24863	Q13145	0.2
P24863	P61077	0.5
P24863	Q9Y624	0.25
P24863	P62987	0.42857142857142855
P24863	Q8TEW0	0.25
P24863	Q15843	0.25
P24863	Q14767	0.25
P24863	Q96PU5	0.3333333333333333
P24863	P26012	0.25
P24863	P62979	0.42857142857142855
P24863	Q15796	0.5
P24863	Q9Y3F4	0.2
P24863	P53708	0.25
P24863	P61081	0.25
P24863	Q05513	0.25
P24863	Q9GZV5	0.75
P24863	P42772	1.0
P24863	Q93008	0.5
P24863	P37173	0.16666666666666666
P24863	Q9NYA4	0.2
P24863	Q14186	1.0
P24863	Q6ZNA4	0.75
P24863	P35813	0.5
P24863	Q14188	1.0
P24863	Q9UNE7	0.2
P24863	Q13547	0.75
P24863	P50750	1.0
P24863	P28749	1.0
P24863	Q13485	0.6
P24863	Q09472	1.0
P67809	Q15583	0.75
P67809	Q9Y5K5	0.2
P67809	Q9HCE7	0.16666666666666666
P67809	P84022	0.5
P67809	Q9Y618	0.5
P67809	Q03167	0.25
P67809	Q9HAU4	0.3333333333333333
P67809	Q8N2S1	0.25
P67809	Q9NPB6	0.25
P67809	Q969W9	0.2
P67809	Q6ZSZ5	0.25
P67809	Q9Y4E8	0.2
P67809	Q14766	0.25
P67809	Q13573	0.5
P67809	Q9P2M7	0.25
P67809	Q9GZN2	0.75
P67809	Q9UPN9	0.5
P67809	Q9NS15	0.25
P67809	Q9UN42	0.5
P67809	Q15329	1.0
P67809	Q16254	1.0
P67809	Q13145	0.2
P67809	Q9Y624	0.25
P67809	Q8TEW0	0.25
P67809	Q15843	0.25
P67809	Q14767	0.25
P67809	Q96PU5	0.3333333333333333
P67809	Q15796	0.5
P67809	Q9Y3F4	0.2
P67809	Q05513	0.25
P67809	Q9GZV5	0.75
P67809	Q93008	0.5
P67809	Q9NYA4	0.2
P67809	Q14186	1.0
P67809	Q6ZNA4	0.75
P67809	Q14188	1.0
P67809	Q9UNE7	0.2
P67809	Q13547	0.75
P67809	Q13485	0.6
P67809	Q09472	1.0
P36897	Q15583	0.14285714285714285
P36897	Q9Y5K5	0.75
P36897	Q9HCE7	1.0
P36897	P84022	0.42857142857142855
P36897	Q9Y618	0.16666666666666666
P36897	Q03167	0.5
P36897	Q9HAU4	0.5
P36897	P62942	0.75
P36897	Q8N2S1	0.5
P36897	Q9NPB6	0.5
P36897	Q969W9	0.75
P36897	Q6ZSZ5	0.5
P36897	Q9Y4E8	0.75
P36897	P62140	0.75
P36897	Q14766	0.5
P36897	Q13573	0.16666666666666666
P36897	P51668	0.16666666666666666
P36897	P61812	0.5
P36897	P62136	0.75
P36897	Q9P2M7	0.5
P36897	P61586	0.5
P36897	Q9GZN2	0.14285714285714285
P36897	P67809	0.16666666666666666
P36897	Q9UPN9	0.16666666666666666
P36897	P49336	0.16666666666666666
P36897	Q9NS15	0.5
P36897	Q9UN42	0.16666666666666666
P36897	Q15329	0.16666666666666666
P36897	Q16254	0.16666666666666666
P36897	Q13145	0.75
P36897	P61077	0.16666666666666666
P36897	Q9Y624	0.5
P36897	P62987	0.5714285714285714
P36897	Q8TEW0	0.5
P36897	Q15843	0.5
P36897	Q14767	0.5
P36897	Q96PU5	0.5
P36897	P62979	0.5714285714285714
P36897	Q15796	0.42857142857142855
P36897	Q9Y3F4	0.75
P36897	P53708	0.5
P36897	P61081	0.5
P36897	Q05513	0.5
P36897	Q9GZV5	0.14285714285714285
P36897	P42772	0.16666666666666666
P36897	Q93008	0.16666666666666666
P36897	P37173	1.0
P36897	Q9NYA4	0.75
P36897	Q14186	0.16666666666666666
P36897	Q6ZNA4	0.14285714285714285
P36897	Q14188	0.16666666666666666
P36897	Q9UNE7	0.75
P36897	Q13547	0.14285714285714285
P36897	P50750	0.16666666666666666
P36897	Q13485	0.2857142857142857
P36897	Q09472	0.16666666666666666
Q9UPN9	Q9Y5K5	0.2
Q9UPN9	Q9Y618	1.0
Q9UPN9	Q9Y4E8	0.2
Q9UPN9	Q9Y624	0.25
Q9UPN9	Q9Y3F4	0.2
P28482	Q15583	1.0
P28482	Q9Y5K5	0.16666666666666666
P28482	Q9HCE7	0.14285714285714285
P28482	P84022	0.6666666666666666
P28482	Q9Y618	0.75
P28482	Q03167	0.2
P28482	Q9HAU4	0.5
P28482	P62942	0.16666666666666666
P28482	Q8N2S1	0.2
P28482	Q9NPB6	0.2
P28482	Q969W9	0.16666666666666666
P28482	Q6ZSZ5	0.2
P28482	Q9Y4E8	0.16666666666666666
P28482	P62140	0.16666666666666666
P28482	Q14766	0.2
P28482	Q13573	0.75
P28482	P51668	0.75
P28482	P61812	0.2
P28482	P36873	0.16666666666666666
P28482	P62136	0.16666666666666666
P28482	Q9P2M7	0.2
P28482	P61586	0.2
P28482	Q9GZN2	1.0
P28482	P67809	0.75
P28482	P36897	0.14285714285714285
P28482	Q9UPN9	0.75
P28482	P49336	0.75
P28482	Q9NS15	0.2
P28482	Q9UN42	0.75
P28482	Q15329	0.75
P28482	Q16254	0.75
P28482	Q13145	0.16666666666666666
P28482	P61077	0.75
P28482	Q9Y624	0.2
P28482	P62987	0.5714285714285714
P28482	Q8TEW0	0.2
P28482	Q15843	0.2
P28482	Q14767	0.2
P28482	Q96PU5	0.5
P28482	P62979	0.5714285714285714
P28482	Q15796	0.6666666666666666
P28482	Q9Y3F4	0.16666666666666666
P28482	P53708	0.2
P28482	P61081	0.2
P28482	Q05513	0.2
P28482	Q9GZV5	1.0
P28482	P42772	0.75
P28482	Q93008	0.75
P28482	P37173	0.14285714285714285
P28482	Q9NYA4	0.16666666666666666
P28482	Q14186	0.75
P28482	Q6ZNA4	1.0
P28482	P35813	0.75
P28482	Q14188	0.75
P28482	Q9UNE7	0.16666666666666666
P28482	Q13547	1.0
P28482	P50750	0.75
P28482	P28749	0.75
P28482	Q13485	0.8
P28482	Q09472	0.75
P01137	Q15583	0.14285714285714285
P01137	Q9Y5K5	0.75
P01137	Q9HCE7	1.0
P01137	P84022	0.42857142857142855
P01137	Q9Y618	0.16666666666666666
P01137	Q03167	0.5
P01137	Q9HAU4	0.5
P01137	P62942	0.75
P01137	Q8N2S1	0.5
P01137	Q9NPB6	0.5
P01137	Q969W9	0.75
P01137	Q6ZSZ5	0.5
P01137	Q9Y4E8	0.75
P01137	P27361	0.14285714285714285
P01137	P62140	0.75
P01137	Q14766	0.5
P01137	P09958	0.3333333333333333
P01137	Q13573	0.16666666666666666
P01137	P51668	0.16666666666666666
P01137	P61812	0.5
P01137	P22681	0.5
P01137	P36873	0.75
P01137	P62136	0.75
P01137	P0CG48	0.5714285714285714
P01137	P08123	0.16666666666666666
P01137	Q9P2M7	0.5
P01137	P06756	0.5
P01137	P61586	0.5
P01137	Q9GZN2	0.14285714285714285
P01137	P24863	0.16666666666666666
P01137	P67809	0.16666666666666666
P01137	P36897	1.0
P01137	Q9UPN9	0.16666666666666666
P01137	P28482	0.14285714285714285
P01137	P09874	0.16666666666666666
P01137	P18084	0.5
P01137	P49336	0.16666666666666666
P01137	Q9NS15	0.5
P01137	Q9UN42	0.16666666666666666
P01137	P12757	0.16666666666666666
P01137	Q15329	0.16666666666666666
P01137	P05556	0.5
P01137	P18564	0.5
P01137	P08047	0.16666666666666666
P01137	Q16254	0.16666666666666666
P01137	P05121	0.16666666666666666
P01137	Q13145	0.75
P01137	P61077	0.16666666666666666
P01137	Q9Y624	0.5
P01137	P62987	0.5714285714285714
P01137	P12755	0.16666666666666666
P01137	Q8TEW0	0.5
P01137	Q15843	0.5
P01137	Q14767	0.5
P01137	Q96PU5	0.5
P01137	P26012	0.5
P01137	P62979	0.5714285714285714
P01137	Q15796	0.42857142857142855
P01137	Q9Y3F4	0.75
P01137	P53708	0.5
P01137	P0CG47	0.5714285714285714
P01137	P61081	0.5
P01137	Q05513	0.5
P01137	Q9GZV5	0.14285714285714285
P01137	P42772	0.16666666666666666
P01137	Q93008	0.16666666666666666
P01137	P37173	1.0
P01137	P10600	0.5
P01137	P05106	0.5
P01137	Q9NYA4	0.75
P01137	Q14186	0.16666666666666666
P01137	Q6ZNA4	0.14285714285714285
P01137	P35813	0.16666666666666666
P01137	Q14188	0.16666666666666666
P01137	Q9UNE7	0.75
P01137	Q13547	0.14285714285714285
P01137	P17275	0.16666666666666666
P01137	P50750	0.16666666666666666
P01137	P28749	0.16666666666666666
P01137	Q13485	0.2857142857142857
P01137	Q09472	0.16666666666666666
P09874	Q15583	0.75
P09874	Q9Y5K5	0.2
P09874	Q9HCE7	0.16666666666666666
P09874	P84022	0.5
P09874	Q9Y618	1.0
P09874	Q03167	0.25
P09874	Q9HAU4	0.6
P09874	P62942	0.2
P09874	Q8N2S1	0.25
P09874	Q9NPB6	0.25
P09874	Q969W9	0.2
P09874	Q6ZSZ5	0.25
P09874	Q9Y4E8	0.2
P09874	P27361	0.75
P09874	P62140	0.2
P09874	Q14766	0.25
P09874	P09958	0.4
P09874	Q13573	1.0
P09874	P51668	1.0
P09874	P61812	0.25
P09874	P22681	0.25
P09874	P36873	0.2
P09874	P62136	0.2
P09874	P0CG48	0.42857142857142855
P09874	Q9P2M7	0.25
P09874	P61586	0.25
P09874	Q9GZN2	0.75
P09874	P24863	0.5
P09874	P67809	0.5
P09874	P36897	0.16666666666666666
P09874	Q9UPN9	1.0
P09874	P28482	0.75
P09874	P18084	0.25
P09874	P49336	0.5
P09874	Q9NS15	0.25
P09874	Q9UN42	1.0
P09874	P12757	1.0
P09874	Q15329	0.5
P09874	P18564	0.25
P09874	Q16254	0.5
P09874	Q13145	0.2
P09874	P61077	1.0
P09874	Q9Y624	0.25
P09874	P62987	0.42857142857142855
P09874	P12755	1.0
P09874	Q8TEW0	0.25
P09874	Q15843	0.25
P09874	Q14767	0.25
P09874	Q96PU5	0.6
P09874	P26012	0.25
P09874	P62979	0.42857142857142855
P09874	Q15796	0.5
P09874	Q9Y3F4	0.2
P09874	P53708	0.25
P09874	P0CG47	0.42857142857142855
P09874	P61081	0.25
P09874	Q05513	0.25
P09874	Q9GZV5	0.75
P09874	P42772	0.5
P09874	Q93008	1.0
P09874	P37173	0.16666666666666666
P09874	P10600	0.25
P09874	Q9NYA4	0.2
P09874	Q14186	0.5
P09874	Q6ZNA4	0.75
P09874	P35813	1.0
P09874	Q14188	0.5
P09874	Q9UNE7	0.2
P09874	Q13547	0.75
P09874	P17275	0.5
P09874	P50750	0.5
P09874	P28749	0.5
P09874	Q13485	0.6
P09874	Q09472	0.5
P18084	Q15583	0.2
P18084	Q9Y5K5	0.6666666666666666
P18084	Q9HCE7	0.5
P18084	P84022	0.3333333333333333
P18084	Q9Y618	0.25
P18084	Q03167	1.0
P18084	Q9HAU4	0.4
P18084	P62942	0.6666666666666666
P18084	Q8N2S1	1.0
P18084	Q9NPB6	0.3333333333333333
P18084	Q969W9	0.6666666666666666
P18084	Q6ZSZ5	0.3333333333333333
P18084	Q9Y4E8	0.6666666666666666
P18084	P27361	0.2
P18084	P62140	0.6666666666666666
P18084	Q14766	1.0
P18084	Q13573	0.25
P18084	P51668	0.25
P18084	P61812	1.0
P18084	P22681	1.0
P18084	P36873	0.6666666666666666
P18084	P62136	0.6666666666666666
P18084	Q9P2M7	0.3333333333333333
P18084	P61586	0.3333333333333333
P18084	Q9GZN2	0.2
P18084	P24863	0.25
P18084	P67809	0.25
P18084	P36897	0.5
P18084	Q9UPN9	0.25
P18084	P28482	0.2
P18084	P49336	0.25
P18084	Q9NS15	1.0
P18084	Q9UN42	0.25
P18084	Q15329	0.25
P18084	P18564	1.0
P18084	Q16254	0.25
P18084	Q13145	0.6666666666666666
P18084	P61077	0.25
P18084	Q9Y624	0.3333333333333333
P18084	P62987	0.2857142857142857
P18084	Q8TEW0	0.3333333333333333
P18084	Q15843	1.0
P18084	Q14767	1.0
P18084	Q96PU5	0.4
P18084	P26012	1.0
P18084	P62979	0.2857142857142857
P18084	Q15796	0.3333333333333333
P18084	Q9Y3F4	0.6666666666666666
P18084	P53708	1.0
P18084	P61081	1.0
P18084	Q05513	0.3333333333333333
P18084	Q9GZV5	0.2
P18084	P42772	0.25
P18084	Q93008	0.25
P18084	P37173	0.5
P18084	Q9NYA4	0.6666666666666666
P18084	Q14186	0.25
P18084	Q6ZNA4	0.2
P18084	P35813	0.25
P18084	Q14188	0.25
P18084	Q9UNE7	0.6666666666666666
P18084	Q13547	0.2
P18084	P50750	0.25
P18084	P28749	0.25
P18084	Q13485	0.4
P18084	Q09472	0.25
P49336	Q15583	0.75
P49336	Q9Y5K5	0.2
P49336	Q9HCE7	0.16666666666666666
P49336	P84022	0.5
P49336	Q9Y618	0.5
P49336	Q03167	0.25
P49336	Q9HAU4	0.3333333333333333
P49336	P62942	0.2
P49336	Q8N2S1	0.25
P49336	Q9NPB6	0.25
P49336	Q969W9	0.2
P49336	Q6ZSZ5	0.25
P49336	Q9Y4E8	0.2
P49336	P62140	0.2
P49336	Q14766	0.25
P49336	Q13573	0.5
P49336	P51668	0.5
P49336	P61812	0.25
P49336	P62136	0.2
P49336	Q9P2M7	0.25
P49336	P61586	0.25
P49336	Q9GZN2	0.75
P49336	P67809	1.0
P49336	Q9UPN9	0.5
P49336	Q9NS15	0.25
P49336	Q9UN42	0.5
P49336	Q15329	1.0
P49336	Q16254	1.0
P49336	Q13145	0.2
P49336	P61077	0.5
P49336	Q9Y624	0.25
P49336	P62987	0.42857142857142855
P49336	Q8TEW0	0.25
P49336	Q15843	0.25
P49336	Q14767	0.25
P49336	Q96PU5	0.3333333333333333
P49336	P62979	0.42857142857142855
P49336	Q15796	0.5
P49336	Q9Y3F4	0.2
P49336	P53708	0.25
P49336	P61081	0.25
P49336	Q05513	0.25
P49336	Q9GZV5	0.75
P49336	Q93008	0.5
P49336	Q9NYA4	0.2
P49336	Q14186	1.0
P49336	Q6ZNA4	0.75
P49336	Q14188	1.0
P49336	Q9UNE7	0.2
P49336	Q13547	0.75
P49336	P50750	1.0
P49336	Q13485	0.6
P49336	Q09472	1.0
Q9NS15	Q9Y5K5	0.6666666666666666
Q9NS15	Q9Y618	0.25
Q9NS15	Q9Y4E8	0.6666666666666666
Q9NS15	Q9P2M7	0.3333333333333333
Q9NS15	Q9UPN9	0.25
Q9NS15	Q9UN42	0.25
Q9NS15	Q9Y624	0.3333333333333333
Q9NS15	Q9Y3F4	0.6666666666666666
Q9NS15	Q9NYA4	0.6666666666666666
Q9NS15	Q9UNE7	0.6666666666666666
Q9UN42	Q9Y5K5	0.2
Q9UN42	Q9Y618	1.0
Q9UN42	Q9Y4E8	0.2
Q9UN42	Q9UPN9	1.0
Q9UN42	Q9Y624	0.25
Q9UN42	Q9Y3F4	0.2
Q9UN42	Q9UNE7	0.2
P12757	Q15583	0.75
P12757	Q9Y5K5	0.2
P12757	Q9HCE7	0.16666666666666666
P12757	P84022	0.5
P12757	Q9Y618	1.0
P12757	Q03167	0.25
P12757	Q9HAU4	0.6
P12757	P62942	0.2
P12757	Q8N2S1	0.25
P12757	Q9NPB6	0.25
P12757	Q969W9	0.2
P12757	Q6ZSZ5	0.25
P12757	Q9Y4E8	0.2
P12757	P27361	0.75
P12757	P62140	0.2
P12757	Q14766	0.25
P12757	Q13573	1.0
P12757	P51668	1.0
P12757	P61812	0.25
P12757	P22681	0.25
P12757	P36873	0.2
P12757	P62136	0.2
P12757	Q9P2M7	0.25
P12757	P61586	0.25
P12757	Q9GZN2	0.75
P12757	P24863	0.5
P12757	P67809	0.5
P12757	P36897	0.16666666666666666
P12757	Q9UPN9	1.0
P12757	P28482	0.75
P12757	P18084	0.25
P12757	P49336	0.5
P12757	Q9NS15	0.25
P12757	Q9UN42	1.0
P12757	Q15329	0.5
P12757	P18564	0.25
P12757	Q16254	0.5
P12757	Q13145	0.2
P12757	P61077	1.0
P12757	Q9Y624	0.25
P12757	P62987	0.42857142857142855
P12757	Q8TEW0	0.25
P12757	Q15843	0.25
P12757	Q14767	0.25
P12757	Q96PU5	0.6
P12757	P26012	0.25
P12757	P62979	0.42857142857142855
P12757	Q15796	0.5
P12757	Q9Y3F4	0.2
P12757	P53708	0.25
P12757	P61081	0.25
P12757	Q05513	0.25
P12757	Q9GZV5	0.75
P12757	P42772	0.5
P12757	Q93008	1.0
P12757	P37173	0.16666666666666666
P12757	Q9NYA4	0.2
P12757	Q14186	0.5
P12757	Q6ZNA4	0.75
P12757	P35813	1.0
P12757	Q14188	0.5
P12757	Q9UNE7	0.2
P12757	Q13547	0.75
P12757	P17275	0.5
P12757	P50750	0.5
P12757	P28749	0.5
P12757	Q13485	0.6
P12757	Q09472	0.5
Q15329	Q15583	0.75
Q15329	Q9Y5K5	0.2
Q15329	Q9HCE7	0.16666666666666666
Q15329	Q9Y618	0.5
Q15329	Q9HAU4	0.3333333333333333
Q15329	Q8N2S1	0.25
Q15329	Q9NPB6	0.25
Q15329	Q969W9	0.2
Q15329	Q6ZSZ5	0.25
Q15329	Q9Y4E8	0.2
Q15329	Q9P2M7	0.25
Q15329	Q9GZN2	0.75
Q15329	Q9UPN9	0.5
Q15329	Q9NS15	0.25
Q15329	Q9UN42	0.5
Q15329	Q16254	1.0
Q15329	Q9Y624	0.25
Q15329	Q8TEW0	0.25
Q15329	Q15843	0.25
Q15329	Q96PU5	0.3333333333333333
Q15329	Q15796	0.5
Q15329	Q9Y3F4	0.2
Q15329	Q9GZV5	0.75
Q15329	Q93008	0.5
Q15329	Q9NYA4	0.2
Q15329	Q6ZNA4	0.75
Q15329	Q9UNE7	0.2
O00255	Q15583	0.75
O00255	Q9Y5K5	0.2
O00255	Q9HCE7	0.16666666666666666
O00255	O60583	1.0
O00255	P84022	0.5
O00255	Q9Y618	0.5
O00255	Q03167	0.25
O00255	Q9HAU4	0.3333333333333333
O00255	P62942	0.2
O00255	Q8N2S1	0.25
O00255	Q9NPB6	0.25
O00255	Q969W9	0.2
O00255	Q6ZSZ5	0.25
O00255	Q9Y4E8	0.2
O00255	P27361	0.75
O00255	P62140	0.2
O00255	O75909	1.0
O00255	Q14766	0.25
O00255	P09958	0.75
O00255	Q13573	0.5
O00255	P51668	0.5
O00255	P61812	0.25
O00255	P22681	0.25
O00255	P36873	0.2
O00255	P62136	0.2
O00255	P0CG48	0.42857142857142855
O00255	P08123	1.0
O00255	Q9P2M7	0.25
O00255	P06756	0.25
O00255	P61586	0.25
O00255	Q9GZN2	0.75
O00255	P24863	1.0
O00255	P67809	1.0
O00255	P36897	0.16666666666666666
O00255	Q9UPN9	0.5
O00255	P28482	0.75
O00255	P01137	0.16666666666666666
O00255	P09874	0.5
O00255	P18084	0.25
O00255	P49336	1.0
O00255	Q9NS15	0.25
O00255	Q9UN42	0.5
O00255	P12757	0.5
O00255	Q15329	1.0
O00255	P05556	0.25
O00255	P18564	0.25
O00255	P08047	1.0
O00255	Q16254	1.0
O00255	P05121	1.0
O00255	Q13145	0.2
O00255	P61077	0.5
O00255	Q9Y624	0.25
O00255	P62987	0.42857142857142855
O00255	P12755	0.5
O00255	Q8TEW0	0.25
O00255	Q15843	0.25
O00255	O14980	0.2
O00255	Q14767	0.25
O00255	O60563	1.0
O00255	Q96PU5	0.3333333333333333
O00255	P26012	0.25
O00255	P62979	0.42857142857142855
O00255	Q15796	0.5
O00255	Q9Y3F4	0.2
O00255	O75807	0.2
O00255	P53708	0.25
O00255	P0CG47	0.42857142857142855
O00255	P61081	0.25
O00255	Q05513	0.25
O00255	Q9GZV5	0.75
O00255	P42772	1.0
O00255	O75376	0.5
O00255	Q93008	0.5
O00255	P01106	1.0
O00255	P37173	0.16666666666666666
O00255	P10600	0.25
O00255	P05106	0.25
O00255	Q9NYA4	0.2
O00255	Q14186	1.0
O00255	Q6ZNA4	0.75
O00255	P35813	0.5
O00255	O15105	0.5
O00255	Q14188	1.0
O00255	Q9UNE7	0.2
O00255	Q13547	0.75
O00255	P17275	1.0
O00255	P50750	1.0
O00255	P28749	1.0
O00255	Q13485	0.6
O00255	Q09472	1.0
P05556	Q15583	0.2
P05556	Q9Y5K5	0.6666666666666666
P05556	Q9HCE7	0.5
P05556	P84022	0.3333333333333333
P05556	Q9Y618	0.25
P05556	Q03167	1.0
P05556	Q9HAU4	0.4
P05556	P62942	0.6666666666666666
P05556	Q8N2S1	1.0
P05556	Q9NPB6	0.3333333333333333
P05556	Q969W9	0.6666666666666666
P05556	Q6ZSZ5	0.3333333333333333
P05556	Q9Y4E8	0.6666666666666666
P05556	P27361	0.2
P05556	P62140	0.6666666666666666
P05556	Q14766	1.0
P05556	P09958	0.5
P05556	Q13573	0.25
P05556	P51668	0.25
P05556	P61812	1.0
P05556	P22681	1.0
P05556	P36873	0.6666666666666666
P05556	P62136	0.6666666666666666
P05556	P0CG48	0.2857142857142857
P05556	P08123	0.25
P05556	Q9P2M7	0.3333333333333333
P05556	P06756	1.0
P05556	P61586	0.3333333333333333
P05556	Q9GZN2	0.2
P05556	P24863	0.25
P05556	P67809	0.25
P05556	P36897	0.5
P05556	Q9UPN9	0.25
P05556	P28482	0.2
P05556	P09874	0.25
P05556	P18084	1.0
P05556	P49336	0.25
P05556	Q9NS15	1.0
P05556	Q9UN42	0.25
P05556	P12757	0.25
P05556	Q15329	0.25
P05556	P18564	1.0
P05556	P08047	0.25
P05556	Q16254	0.25
P05556	Q13145	0.6666666666666666
P05556	P61077	0.25
P05556	Q9Y624	0.3333333333333333
P05556	P62987	0.2857142857142857
P05556	P12755	0.25
P05556	Q8TEW0	0.3333333333333333
P05556	Q15843	1.0
P05556	Q14767	1.0
P05556	Q96PU5	0.4
P05556	P26012	1.0
P05556	P62979	0.2857142857142857
P05556	Q15796	0.3333333333333333
P05556	Q9Y3F4	0.6666666666666666
P05556	P53708	1.0
P05556	P0CG47	0.2857142857142857
P05556	P61081	1.0
P05556	Q05513	0.3333333333333333
P05556	Q9GZV5	0.2
P05556	P42772	0.25
P05556	Q93008	0.25
P05556	P37173	0.5
P05556	P10600	1.0
P05556	Q9NYA4	0.6666666666666666
P05556	Q14186	0.25
P05556	Q6ZNA4	0.2
P05556	P35813	0.25
P05556	Q14188	0.25
P05556	Q9UNE7	0.6666666666666666
P05556	Q13547	0.2
P05556	P17275	0.25
P05556	P50750	0.25
P05556	P28749	0.25
P05556	Q13485	0.4
P05556	Q09472	0.25
P18564	Q15583	0.2
P18564	Q9Y5K5	0.6666666666666666
P18564	Q9HCE7	0.5
P18564	P84022	0.3333333333333333
P18564	Q9Y618	0.25
P18564	Q03167	1.0
P18564	Q9HAU4	0.4
P18564	P62942	0.6666666666666666
P18564	Q8N2S1	1.0
P18564	Q9NPB6	0.3333333333333333
P18564	Q969W9	0.6666666666666666
P18564	Q6ZSZ5	0.3333333333333333
P18564	Q9Y4E8	0.6666666666666666
P18564	P27361	0.2
P18564	P62140	0.6666666666666666
P18564	Q14766	1.0
P18564	Q13573	0.25
P18564	P51668	0.25
P18564	P61812	1.0
P18564	P22681	1.0
P18564	P36873	0.6666666666666666
P18564	P62136	0.6666666666666666
P18564	Q9P2M7	0.3333333333333333
P18564	P61586	0.3333333333333333
P18564	Q9GZN2	0.2
P18564	P24863	0.25
P18564	P67809	0.25
P18564	P36897	0.5
P18564	Q9UPN9	0.25
P18564	P28482	0.2
P18564	P49336	0.25
P18564	Q9NS15	1.0
P18564	Q9UN42	0.25
P18564	Q15329	0.25
P18564	Q16254	0.25
P18564	Q13145	0.6666666666666666
P18564	P61077	0.25
P18564	Q9Y624	0.3333333333333333
P18564	P62987	0.2857142857142857
P18564	Q8TEW0	0.3333333333333333
P18564	Q15843	1.0
P18564	Q14767	1.0
P18564	Q96PU5	0.4
P18564	P26012	1.0
P18564	P62979	0.2857142857142857
P18564	Q15796	0.3333333333333333
P18564	Q9Y3F4	0.6666666666666666
P18564	P53708	1.0
P18564	P61081	1.0
P18564	Q05513	0.3333333333333333
P18564	Q9GZV5	0.2
P18564	P42772	0.25
P18564	Q93008	0.25
P18564	P37173	0.5
P18564	Q9NYA4	0.6666666666666666
P18564	Q14186	0.25
P18564	Q6ZNA4	0.2
P18564	P35813	0.25
P18564	Q14188	0.25
P18564	Q9UNE7	0.6666666666666666
P18564	Q13547	0.2
P18564	P50750	0.25
P18564	P28749	0.25
P18564	Q13485	0.4
P18564	Q09472	0.25
P08047	Q15583	0.75
P08047	Q9Y5K5	0.2
P08047	Q9HCE7	0.16666666666666666
P08047	P84022	0.5
P08047	Q9Y618	0.5
P08047	Q03167	0.25
P08047	Q9HAU4	0.3333333333333333
P08047	P62942	0.2
P08047	Q8N2S1	0.25
P08047	Q9NPB6	0.25
P08047	Q969W9	0.2
P08047	Q6ZSZ5	0.25
P08047	Q9Y4E8	0.2
P08047	P27361	0.75
P08047	P62140	0.2
P08047	Q14766	0.25
P08047	P09958	0.75
P08047	Q13573	0.5
P08047	P51668	0.5
P08047	P61812	0.25
P08047	P22681	0.25
P08047	P36873	0.2
P08047	P62136	0.2
P08047	P0CG48	0.42857142857142855
P08047	P08123	1.0
P08047	Q9P2M7	0.25
P08047	P61586	0.25
P08047	Q9GZN2	0.75
P08047	P24863	1.0
P08047	P67809	1.0
P08047	P36897	0.16666666666666666
P08047	Q9UPN9	0.5
P08047	P28482	0.75
P08047	P09874	0.5
P08047	P18084	0.25
P08047	P49336	1.0
P08047	Q9NS15	0.25
P08047	Q9UN42	0.5
P08047	P12757	0.5
P08047	Q15329	1.0
P08047	P18564	0.25
P08047	Q16254	1.0
P08047	Q13145	0.2
P08047	P61077	0.5
P08047	Q9Y624	0.25
P08047	P62987	0.42857142857142855
P08047	P12755	0.5
P08047	Q8TEW0	0.25
P08047	Q15843	0.25
P08047	Q14767	0.25
P08047	Q96PU5	0.3333333333333333
P08047	P26012	0.25
P08047	P62979	0.42857142857142855
P08047	Q15796	0.5
P08047	Q9Y3F4	0.2
P08047	P53708	0.25
P08047	P0CG47	0.42857142857142855
P08047	P61081	0.25
P08047	Q05513	0.25
P08047	Q9GZV5	0.75
P08047	P42772	1.0
P08047	Q93008	0.5
P08047	P37173	0.16666666666666666
P08047	P10600	0.25
P08047	Q9NYA4	0.2
P08047	Q14186	1.0
P08047	Q6ZNA4	0.75
P08047	P35813	0.5
P08047	Q14188	1.0
P08047	Q9UNE7	0.2
P08047	Q13547	0.75
P08047	P17275	1.0
P08047	P50750	1.0
P08047	P28749	1.0
P08047	Q13485	0.6
P08047	Q09472	1.0
Q16254	Q9Y5K5	0.2
Q16254	Q9HCE7	0.16666666666666666
Q16254	Q9Y618	0.5
Q16254	Q9HAU4	0.3333333333333333
Q16254	Q8N2S1	0.25
Q16254	Q9NPB6	0.25
Q16254	Q969W9	0.2
Q16254	Q6ZSZ5	0.25
Q16254	Q9Y4E8	0.2
Q16254	Q9P2M7	0.25
Q16254	Q9GZN2	0.75
Q16254	Q9UPN9	0.5
Q16254	Q9NS15	0.25
Q16254	Q9UN42	0.5
Q16254	Q9Y624	0.25
Q16254	Q8TEW0	0.25
Q16254	Q96PU5	0.3333333333333333
Q16254	Q9Y3F4	0.2
Q16254	Q9GZV5	0.75
Q16254	Q93008	0.5
Q16254	Q9NYA4	0.2
Q16254	Q6ZNA4	0.75
Q16254	Q9UNE7	0.2
P05121	Q15583	0.75
P05121	Q9Y5K5	0.2
P05121	Q9HCE7	0.16666666666666666
P05121	P84022	0.5
P05121	Q9Y618	0.5
P05121	Q03167	0.25
P05121	Q9HAU4	0.3333333333333333
P05121	P62942	0.2
P05121	Q8N2S1	0.25
P05121	Q9NPB6	0.25
P05121	Q969W9	0.2
P05121	Q6ZSZ5	0.25
P05121	Q9Y4E8	0.2
P05121	P27361	0.75
P05121	P62140	0.2
P05121	Q14766	0.25
P05121	P09958	0.75
P05121	Q13573	0.5
P05121	P51668	0.5
P05121	P61812	0.25
P05121	P22681	0.25
P05121	P36873	0.2
P05121	P62136	0.2
P05121	P0CG48	0.42857142857142855
P05121	P08123	1.0
P05121	Q9P2M7	0.25
P05121	P06756	0.25
P05121	P61586	0.25
P05121	Q9GZN2	0.75
P05121	P24863	1.0
P05121	P67809	1.0
P05121	P36897	0.16666666666666666
P05121	Q9UPN9	0.5
P05121	P28482	0.75
P05121	P09874	0.5
P05121	P18084	0.25
P05121	P49336	1.0
P05121	Q9NS15	0.25
P05121	Q9UN42	0.5
P05121	P12757	0.5
P05121	Q15329	1.0
P05121	P05556	0.25
P05121	P18564	0.25
P05121	P08047	1.0
P05121	Q16254	1.0
P05121	Q13145	0.2
P05121	P61077	0.5
P05121	Q9Y624	0.25
P05121	P62987	0.42857142857142855
P05121	P12755	0.5
P05121	Q8TEW0	0.25
P05121	Q15843	0.25
P05121	Q14767	0.25
P05121	Q96PU5	0.3333333333333333
P05121	P26012	0.25
P05121	P62979	0.42857142857142855
P05121	Q15796	0.5
P05121	Q9Y3F4	0.2
P05121	P53708	0.25
P05121	P0CG47	0.42857142857142855
P05121	P61081	0.25
P05121	Q05513	0.25
P05121	Q9GZV5	0.75
P05121	P42772	1.0
P05121	Q93008	0.5
P05121	P37173	0.16666666666666666
P05121	P10600	0.25
P05121	Q9NYA4	0.2
P05121	Q14186	1.0
P05121	Q6ZNA4	0.75
P05121	P35813	0.5
P05121	Q14188	1.0
P05121	Q9UNE7	0.2
P05121	Q13547	0.75
P05121	P17275	1.0
P05121	P50750	1.0
P05121	P28749	1.0
P05121	Q13485	0.6
P05121	Q09472	1.0
Q13145	Q15583	0.16666666666666666
Q13145	Q9Y5K5	1.0
Q13145	Q9HCE7	0.75
Q13145	Q9Y618	0.2
Q13145	Q9HAU4	0.6
Q13145	Q8N2S1	0.6666666666666666
Q13145	Q9NPB6	0.25
Q13145	Q969W9	1.0
Q13145	Q6ZSZ5	0.25
Q13145	Q9Y4E8	1.0
Q13145	Q14766	0.6666666666666666
Q13145	Q13573	0.2
Q13145	Q9P2M7	0.25
Q13145	Q9GZN2	0.16666666666666666
Q13145	Q9UPN9	0.2
Q13145	Q9NS15	0.6666666666666666
Q13145	Q9UN42	0.2
Q13145	Q15329	0.2
Q13145	Q16254	0.2
Q13145	Q9Y624	0.25
Q13145	Q8TEW0	0.25
Q13145	Q15843	0.6666666666666666
Q13145	Q14767	0.6666666666666666
Q13145	Q96PU5	0.6
Q13145	Q15796	0.5
Q13145	Q9Y3F4	1.0
Q13145	Q9GZV5	0.16666666666666666
Q13145	Q93008	0.2
Q13145	Q9NYA4	1.0
Q13145	Q14186	0.2
Q13145	Q6ZNA4	0.16666666666666666
Q13145	Q14188	0.2
Q13145	Q9UNE7	1.0
Q13145	Q13547	0.16666666666666666
Q13145	Q13485	0.3333333333333333
P61077	Q15583	0.75
P61077	Q9Y5K5	0.2
P61077	Q9HCE7	0.16666666666666666
P61077	P84022	0.5
P61077	Q9Y618	1.0
P61077	Q03167	0.25
P61077	Q9HAU4	0.6
P61077	P62942	0.2
P61077	Q8N2S1	0.25
P61077	Q9NPB6	0.25
P61077	Q969W9	0.2
P61077	Q6ZSZ5	0.25
P61077	Q9Y4E8	0.2
P61077	P62140	0.2
P61077	Q14766	0.25
P61077	Q13573	1.0
P61077	P61812	0.25
P61077	P62136	0.2
P61077	Q9P2M7	0.25
P61077	P61586	0.25
P61077	Q9GZN2	0.75
P61077	P67809	0.5
P61077	Q9UPN9	1.0
P61077	Q9NS15	0.25
P61077	Q9UN42	1.0
P61077	Q15329	0.5
P61077	Q16254	0.5
P61077	Q13145	0.2
P61077	Q9Y624	0.25
P61077	P62987	0.42857142857142855
P61077	Q8TEW0	0.25
P61077	Q15843	0.25
P61077	Q14767	0.25
P61077	Q96PU5	0.6
P61077	P62979	0.42857142857142855
P61077	Q15796	0.5
P61077	Q9Y3F4	0.2
P61077	P61081	0.25
P61077	Q05513	0.25
P61077	Q9GZV5	0.75
P61077	Q93008	1.0
P61077	Q9NYA4	0.2
P61077	Q14186	0.5
P61077	Q6ZNA4	0.75
P61077	Q14188	0.5
P61077	Q9UNE7	0.2
P61077	Q13547	0.75
P61077	Q13485	0.6
P61077	Q09472	0.5
P62987	Q15583	0.5714285714285714
P62987	Q9Y5K5	0.42857142857142855
P62987	Q9HCE7	0.5714285714285714
P62987	P84022	0.8571428571428571
P62987	Q9Y618	0.42857142857142855
P62987	Q03167	0.2857142857142857
P62987	Q9HAU4	0.7142857142857143
P62987	Q8N2S1	0.2857142857142857
P62987	Q9NPB6	0.2857142857142857
P62987	Q969W9	0.42857142857142855
P62987	Q6ZSZ5	0.2857142857142857
P62987	Q9Y4E8	0.42857142857142855
P62987	Q14766	0.2857142857142857
P62987	Q13573	0.42857142857142855
P62987	Q9P2M7	0.2857142857142857
P62987	Q9GZN2	0.5714285714285714
P62987	P67809	0.42857142857142855
P62987	Q9UPN9	0.42857142857142855
P62987	Q9NS15	0.2857142857142857
P62987	Q9UN42	0.42857142857142855
P62987	Q15329	0.42857142857142855
P62987	Q16254	0.42857142857142855
P62987	Q13145	0.42857142857142855
P62987	Q9Y624	0.2857142857142857
P62987	Q8TEW0	0.2857142857142857
P62987	Q15843	0.2857142857142857
P62987	Q14767	0.2857142857142857
P62987	Q96PU5	0.7142857142857143
P62987	Q15796	0.8571428571428571
P62987	Q9Y3F4	0.42857142857142855
P62987	Q05513	0.2857142857142857
P62987	Q9GZV5	0.5714285714285714
P62987	Q93008	0.42857142857142855
P62987	Q9NYA4	0.42857142857142855
P62987	Q14186	0.42857142857142855
P62987	Q6ZNA4	0.5714285714285714
P62987	Q14188	0.42857142857142855
P62987	Q9UNE7	0.42857142857142855
P62987	Q13547	0.5714285714285714
P62987	Q13485	0.7142857142857143
P62987	Q09472	0.42857142857142855
P12755	Q15583	0.75
P12755	Q9Y5K5	0.2
P12755	Q9HCE7	0.16666666666666666
P12755	P84022	0.5
P12755	Q9Y618	1.0
P12755	Q03167	0.25
P12755	Q9HAU4	0.6
P12755	P62942	0.2
P12755	Q8N2S1	0.25
P12755	Q9NPB6	0.25
P12755	Q969W9	0.2
P12755	Q6ZSZ5	0.25
P12755	Q9Y4E8	0.2
P12755	P27361	0.75
P12755	P62140	0.2
P12755	Q14766	0.25
P12755	Q13573	1.0
P12755	P51668	1.0
P12755	P61812	0.25
P12755	P22681	0.25
P12755	P36873	0.2
P12755	P62136	0.2
P12755	Q9P2M7	0.25
P12755	P61586	0.25
P12755	Q9GZN2	0.75
P12755	P24863	0.5
P12755	P67809	0.5
P12755	P36897	0.16666666666666666
P12755	Q9UPN9	1.0
P12755	P28482	0.75
P12755	P18084	0.25
P12755	P49336	0.5
P12755	Q9NS15	0.25
P12755	Q9UN42	1.0
P12755	P12757	1.0
P12755	Q15329	0.5
P12755	P18564	0.25
P12755	Q16254	0.5
P12755	Q13145	0.2
P12755	P61077	1.0
P12755	Q9Y624	0.25
P12755	P62987	0.42857142857142855
P12755	Q8TEW0	0.25
P12755	Q15843	0.25
P12755	Q14767	0.25
P12755	Q96PU5	0.6
P12755	P26012	0.25
P12755	P62979	0.42857142857142855
P12755	Q15796	0.5
P12755	Q9Y3F4	0.2
P12755	P53708	0.25
P12755	P61081	0.25
P12755	Q05513	0.25
P12755	Q9GZV5	0.75
P12755	P42772	0.5
P12755	Q93008	1.0
P12755	P37173	0.16666666666666666
P12755	Q9NYA4	0.2
P12755	Q14186	0.5
P12755	Q6ZNA4	0.75
P12755	P35813	1.0
P12755	Q14188	0.5
P12755	Q9UNE7	0.2
P12755	Q13547	0.75
P12755	P17275	0.5
P12755	P50750	0.5
P12755	P28749	0.5
P12755	Q13485	0.6
P12755	Q09472	0.5
Q8TEW0	Q9Y5K5	0.25
Q8TEW0	Q9HCE7	0.5
Q8TEW0	Q9Y618	0.25
Q8TEW0	Q9HAU4	0.16666666666666666
Q8TEW0	Q9NPB6	1.0
Q8TEW0	Q969W9	0.25
Q8TEW0	Q9Y4E8	0.25
Q8TEW0	Q9P2M7	1.0
Q8TEW0	Q9GZN2	0.2
Q8TEW0	Q9UPN9	0.25
Q8TEW0	Q9NS15	0.3333333333333333
Q8TEW0	Q9UN42	0.25
Q8TEW0	Q9Y624	1.0
Q8TEW0	Q96PU5	0.16666666666666666
Q8TEW0	Q9Y3F4	0.25
Q8TEW0	Q9GZV5	0.2
Q8TEW0	Q93008	0.25
Q8TEW0	Q9NYA4	0.25
Q8TEW0	Q9UNE7	0.25
Q15843	Q9Y5K5	0.6666666666666666
Q15843	Q9HCE7	0.5
Q15843	Q9Y618	0.25
Q15843	Q9HAU4	0.4
Q15843	Q8N2S1	1.0
Q15843	Q9NPB6	0.3333333333333333
Q15843	Q969W9	0.6666666666666666
Q15843	Q6ZSZ5	0.3333333333333333
Q15843	Q9Y4E8	0.6666666666666666
Q15843	Q9P2M7	0.3333333333333333
Q15843	Q9GZN2	0.2
Q15843	Q9UPN9	0.25
Q15843	Q9NS15	1.0
Q15843	Q9UN42	0.25
Q15843	Q16254	0.25
Q15843	Q9Y624	0.3333333333333333
Q15843	Q8TEW0	0.3333333333333333
Q15843	Q96PU5	0.4
Q15843	Q9Y3F4	0.6666666666666666
Q15843	Q9GZV5	0.2
Q15843	Q93008	0.25
Q15843	Q9NYA4	0.6666666666666666
Q15843	Q6ZNA4	0.2
Q15843	Q9UNE7	0.6666666666666666
O14980	Q15583	0.16666666666666666
O14980	Q9Y5K5	1.0
O14980	Q9HCE7	0.75
O14980	O60583	0.2
O14980	P84022	0.5
O14980	Q9Y618	0.2
O14980	Q03167	0.6666666666666666
O14980	Q9HAU4	0.6
O14980	P62942	0.5
O14980	Q8N2S1	0.6666666666666666
O14980	Q9NPB6	0.25
O14980	Q969W9	1.0
O14980	Q6ZSZ5	0.25
O14980	Q9Y4E8	1.0
O14980	P27361	0.16666666666666666
O14980	P62140	1.0
O14980	O75909	0.2
O14980	Q14766	0.6666666666666666
O14980	P09958	0.4
O14980	Q13573	0.2
O14980	P51668	0.2
O14980	P61812	0.6666666666666666
O14980	P22681	0.6666666666666666
O14980	P36873	1.0
O14980	P62136	1.0
O14980	P0CG48	0.42857142857142855
O14980	P08123	0.2
O14980	Q9P2M7	0.25
O14980	P06756	0.6666666666666666
O14980	P61586	0.25
O14980	Q9GZN2	0.16666666666666666
O14980	P24863	0.2
O14980	P67809	0.2
O14980	P36897	0.75
O14980	Q9UPN9	0.2
O14980	P28482	0.16666666666666666
O14980	P01137	0.75
O14980	P09874	0.2
O14980	P18084	0.6666666666666666
O14980	P49336	0.2
O14980	Q9NS15	0.6666666666666666
O14980	Q9UN42	0.2
O14980	P12757	0.2
O14980	Q15329	0.2
O14980	P05556	0.6666666666666666
O14980	P18564	0.6666666666666666
O14980	P08047	0.2
O14980	Q16254	0.2
O14980	P05121	0.2
O14980	Q13145	1.0
O14980	P61077	0.2
O14980	Q9Y624	0.25
O14980	P62987	0.42857142857142855
O14980	P12755	0.2
O14980	Q8TEW0	0.25
O14980	Q15843	0.6666666666666666
O14980	Q14767	0.6666666666666666
O14980	O60563	0.2
O14980	Q96PU5	0.6
O14980	P26012	0.6666666666666666
O14980	P62979	0.42857142857142855
O14980	Q15796	0.5
O14980	Q9Y3F4	1.0
O14980	O75807	1.0
O14980	P53708	0.6666666666666666
O14980	P0CG47	0.42857142857142855
O14980	P61081	0.6666666666666666
O14980	Q05513	0.25
O14980	Q9GZV5	0.16666666666666666
O14980	P42772	0.2
O14980	O75376	0.2
O14980	Q93008	0.2
O14980	P01106	0.2
O14980	P37173	0.75
O14980	P10600	0.6666666666666666
O14980	P05106	0.6666666666666666
O14980	Q9NYA4	1.0
O14980	Q14186	0.2
O14980	Q6ZNA4	0.16666666666666666
O14980	P35813	0.2
O14980	O15105	0.5
O14980	Q14188	0.2
O14980	Q9UNE7	1.0
O14980	Q13547	0.16666666666666666
O14980	P17275	0.2
O14980	P50750	0.2
O14980	P28749	0.2
O14980	Q13485	0.3333333333333333
O14980	Q09472	0.2
Q14767	Q15583	0.2
Q14767	Q9Y5K5	0.6666666666666666
Q14767	Q9HCE7	0.5
Q14767	Q9Y618	0.25
Q14767	Q9HAU4	0.4
Q14767	Q8N2S1	1.0
Q14767	Q9NPB6	0.3333333333333333
Q14767	Q969W9	0.6666666666666666
Q14767	Q6ZSZ5	0.3333333333333333
Q14767	Q9Y4E8	0.6666666666666666
Q14767	Q9P2M7	0.3333333333333333
Q14767	Q9GZN2	0.2
Q14767	Q9UPN9	0.25
Q14767	Q9NS15	1.0
Q14767	Q9UN42	0.25
Q14767	Q15329	0.25
Q14767	Q16254	0.25
Q14767	Q9Y624	0.3333333333333333
Q14767	Q8TEW0	0.3333333333333333
Q14767	Q15843	1.0
Q14767	Q96PU5	0.4
Q14767	Q15796	0.3333333333333333
Q14767	Q9Y3F4	0.6666666666666666
Q14767	Q9GZV5	0.2
Q14767	Q93008	0.25
Q14767	Q9NYA4	0.6666666666666666
Q14767	Q6ZNA4	0.2
Q14767	Q9UNE7	0.6666666666666666
O60563	Q15583	0.75
O60563	Q9Y5K5	0.2
O60563	Q9HCE7	0.16666666666666666
O60563	O60583	1.0
O60563	P84022	0.5
O60563	Q9Y618	0.5
O60563	Q03167	0.25
O60563	Q9HAU4	0.3333333333333333
O60563	P62942	0.2
O60563	Q8N2S1	0.25
O60563	Q9NPB6	0.25
O60563	Q969W9	0.2
O60563	Q6ZSZ5	0.25
O60563	Q9Y4E8	0.2
O60563	P27361	0.75
O60563	P62140	0.2
O60563	O75909	1.0
O60563	Q14766	0.25
O60563	P09958	0.75
O60563	Q13573	0.5
O60563	P51668	0.5
O60563	P61812	0.25
O60563	P22681	0.25
O60563	P36873	0.2
O60563	P62136	0.2
O60563	P0CG48	0.42857142857142855
O60563	P08123	1.0
O60563	Q9P2M7	0.25
O60563	P06756	0.25
O60563	P61586	0.25
O60563	Q9GZN2	0.75
O60563	P24863	1.0
O60563	P67809	1.0
O60563	P36897	0.16666666666666666
O60563	Q9UPN9	0.5
O60563	P28482	0.75
O60563	P01137	0.16666666666666666
O60563	P09874	0.5
O60563	P18084	0.25
O60563	P49336	1.0
O60563	Q9NS15	0.25
O60563	Q9UN42	0.5
O60563	P12757	0.5
O60563	Q15329	1.0
O60563	P05556	0.25
O60563	P18564	0.25
O60563	P08047	1.0
O60563	Q16254	1.0
O60563	P05121	1.0
O60563	Q13145	0.2
O60563	P61077	0.5
O60563	Q9Y624	0.25
O60563	P62987	0.42857142857142855
O60563	P12755	0.5
O60563	Q8TEW0	0.25
O60563	Q15843	0.25
O60563	Q14767	0.25
O60563	Q96PU5	0.3333333333333333
O60563	P26012	0.25
O60563	P62979	0.42857142857142855
O60563	Q15796	0.5
O60563	Q9Y3F4	0.2
O60563	O75807	0.2
O60563	P53708	0.25
O60563	P0CG47	0.42857142857142855
O60563	P61081	0.25
O60563	Q05513	0.25
O60563	Q9GZV5	0.75
O60563	P42772	1.0
O60563	O75376	0.5
O60563	Q93008	0.5
O60563	P01106	1.0
O60563	P37173	0.16666666666666666
O60563	P10600	0.25
O60563	P05106	0.25
O60563	Q9NYA4	0.2
O60563	Q14186	1.0
O60563	Q6ZNA4	0.75
O60563	P35813	0.5
O60563	Q14188	1.0
O60563	Q9UNE7	0.2
O60563	Q13547	0.75
O60563	P17275	1.0
O60563	P50750	1.0
O60563	P28749	1.0
O60563	Q13485	0.6
O60563	Q09472	1.0
Q96PU5	Q9Y5K5	0.6
Q96PU5	Q9HCE7	0.5
Q96PU5	Q9Y618	0.6
Q96PU5	Q9HAU4	1.0
Q96PU5	Q9NPB6	0.16666666666666666
Q96PU5	Q9Y4E8	0.6
Q96PU5	Q9P2M7	0.16666666666666666
Q96PU5	Q9GZN2	0.5
Q96PU5	Q9UPN9	0.6
Q96PU5	Q9NS15	0.4
Q96PU5	Q9UN42	0.6
Q96PU5	Q9Y624	0.16666666666666666
Q96PU5	Q9Y3F4	0.6
Q96PU5	Q9GZV5	0.5
Q96PU5	Q9NYA4	0.6
Q96PU5	Q9UNE7	0.6
P26012	Q15583	0.2
P26012	Q9Y5K5	0.6666666666666666
P26012	Q9HCE7	0.5
P26012	P84022	0.3333333333333333
P26012	Q9Y618	0.25
P26012	Q03167	1.0
P26012	Q9HAU4	0.4
P26012	P62942	0.6666666666666666
P26012	Q8N2S1	1.0
P26012	Q9NPB6	0.3333333333333333
P26012	Q969W9	0.6666666666666666
P26012	Q6ZSZ5	0.3333333333333333
P26012	Q9Y4E8	0.6666666666666666
P26012	P27361	0.2
P26012	P62140	0.6666666666666666
P26012	Q14766	1.0
P26012	Q13573	0.25
P26012	P51668	0.25
P26012	P61812	1.0
P26012	P36873	0.6666666666666666
P26012	P62136	0.6666666666666666
P26012	Q9P2M7	0.3333333333333333
P26012	P61586	0.3333333333333333
P26012	Q9GZN2	0.2
P26012	P67809	0.25
P26012	P36897	0.5
P26012	Q9UPN9	0.25
P26012	P28482	0.2
P26012	P49336	0.25
P26012	Q9NS15	1.0
P26012	Q9UN42	0.25
P26012	Q15329	0.25
P26012	Q16254	0.25
P26012	Q13145	0.6666666666666666
P26012	P61077	0.25
P26012	Q9Y624	0.3333333333333333
P26012	P62987	0.2857142857142857
P26012	Q8TEW0	0.3333333333333333
P26012	Q15843	1.0
P26012	Q14767	1.0
P26012	Q96PU5	0.4
P26012	P62979	0.2857142857142857
P26012	Q15796	0.3333333333333333
P26012	Q9Y3F4	0.6666666666666666
P26012	P53708	1.0
P26012	P61081	1.0
P26012	Q05513	0.3333333333333333
P26012	Q9GZV5	0.2
P26012	P42772	0.25
P26012	Q93008	0.25
P26012	P37173	0.5
P26012	Q9NYA4	0.6666666666666666
P26012	Q14186	0.25
P26012	Q6ZNA4	0.2
P26012	P35813	0.25
P26012	Q14188	0.25
P26012	Q9UNE7	0.6666666666666666
P26012	Q13547	0.2
P26012	P50750	0.25
P26012	P28749	0.25
P26012	Q13485	0.4
P26012	Q09472	0.25
P62979	Q15583	0.5714285714285714
P62979	Q9Y5K5	0.42857142857142855
P62979	Q9HCE7	0.5714285714285714
P62979	P84022	0.8571428571428571
P62979	Q9Y618	0.42857142857142855
P62979	Q03167	0.2857142857142857
P62979	Q9HAU4	0.7142857142857143
P62979	Q8N2S1	0.2857142857142857
P62979	Q9NPB6	0.2857142857142857
P62979	Q969W9	0.42857142857142855
P62979	Q6ZSZ5	0.2857142857142857
P62979	Q9Y4E8	0.42857142857142855
P62979	Q14766	0.2857142857142857
P62979	Q13573	0.42857142857142855
P62979	Q9P2M7	0.2857142857142857
P62979	Q9GZN2	0.5714285714285714
P62979	P67809	0.42857142857142855
P62979	Q9UPN9	0.42857142857142855
P62979	Q9NS15	0.2857142857142857
P62979	Q9UN42	0.42857142857142855
P62979	Q15329	0.42857142857142855
P62979	Q16254	0.42857142857142855
P62979	Q13145	0.42857142857142855
P62979	Q9Y624	0.2857142857142857
P62979	P62987	1.0
P62979	Q8TEW0	0.2857142857142857
P62979	Q15843	0.2857142857142857
P62979	Q14767	0.2857142857142857
P62979	Q96PU5	0.7142857142857143
P62979	Q15796	0.8571428571428571
P62979	Q9Y3F4	0.42857142857142855
P62979	Q05513	0.2857142857142857
P62979	Q9GZV5	0.5714285714285714
P62979	Q93008	0.42857142857142855
P62979	Q9NYA4	0.42857142857142855
P62979	Q14186	0.42857142857142855
P62979	Q6ZNA4	0.5714285714285714
P62979	Q14188	0.42857142857142855
P62979	Q9UNE7	0.42857142857142855
P62979	Q13547	0.5714285714285714
P62979	Q13485	0.7142857142857143
P62979	Q09472	0.42857142857142855
Q15796	Q9Y5K5	0.5
Q15796	Q9HCE7	0.42857142857142855
Q15796	Q9Y618	0.5
Q15796	Q9HAU4	0.8333333333333334
Q15796	Q8N2S1	0.3333333333333333
Q15796	Q9NPB6	0.14285714285714285
Q15796	Q969W9	0.5
Q15796	Q6ZSZ5	0.14285714285714285
Q15796	Q9Y4E8	0.5
Q15796	Q9P2M7	0.14285714285714285
Q15796	Q9GZN2	0.6666666666666666
Q15796	Q9UPN9	0.5
Q15796	Q9NS15	0.3333333333333333
Q15796	Q9UN42	0.5
Q15796	Q16254	0.5
Q15796	Q9Y624	0.14285714285714285
Q15796	Q8TEW0	0.14285714285714285
Q15796	Q15843	0.3333333333333333
Q15796	Q96PU5	0.8333333333333334
Q15796	Q9Y3F4	0.5
Q15796	Q9GZV5	0.6666666666666666
Q15796	Q93008	0.5
Q15796	Q9NYA4	0.5
Q15796	Q6ZNA4	0.6666666666666666
Q15796	Q9UNE7	0.5
Q9Y3F4	Q9Y5K5	1.0
Q9Y3F4	Q9Y618	0.2
Q9Y3F4	Q9Y4E8	1.0
Q9Y3F4	Q9Y624	0.25
O75807	Q15583	0.16666666666666666
O75807	Q9Y5K5	1.0
O75807	Q9HCE7	0.75
O75807	P84022	0.5
O75807	Q9Y618	0.2
O75807	Q03167	0.6666666666666666
O75807	Q9HAU4	0.6
O75807	P62942	0.5
O75807	Q8N2S1	0.6666666666666666
O75807	Q9NPB6	0.25
O75807	Q969W9	1.0
O75807	Q6ZSZ5	0.25
O75807	Q9Y4E8	1.0
O75807	P27361	0.16666666666666666
O75807	P62140	1.0
O75807	O75909	0.2
O75807	Q14766	0.6666666666666666
O75807	P09958	0.4
O75807	Q13573	0.2
O75807	P51668	0.2
O75807	P61812	0.6666666666666666
O75807	P22681	0.6666666666666666
O75807	P36873	1.0
O75807	P62136	1.0
O75807	P0CG48	0.42857142857142855
O75807	P08123	0.2
O75807	Q9P2M7	0.25
O75807	P06756	0.6666666666666666
O75807	P61586	0.25
O75807	Q9GZN2	0.16666666666666666
O75807	P24863	0.2
O75807	P67809	0.2
O75807	P36897	0.75
O75807	Q9UPN9	0.2
O75807	P28482	0.16666666666666666
O75807	P01137	0.75
O75807	P09874	0.2
O75807	P18084	0.6666666666666666
O75807	P49336	0.2
O75807	Q9NS15	0.6666666666666666
O75807	Q9UN42	0.2
O75807	P12757	0.2
O75807	Q15329	0.2
O75807	P05556	0.6666666666666666
O75807	P18564	0.6666666666666666
O75807	P08047	0.2
O75807	Q16254	0.2
O75807	P05121	0.2
O75807	Q13145	1.0
O75807	P61077	0.2
O75807	Q9Y624	0.25
O75807	P62987	0.42857142857142855
O75807	P12755	0.2
O75807	Q8TEW0	0.25
O75807	Q15843	0.6666666666666666
O75807	Q14767	0.6666666666666666
O75807	Q96PU5	0.6
O75807	P26012	0.6666666666666666
O75807	P62979	0.42857142857142855
O75807	Q15796	0.5
O75807	Q9Y3F4	1.0
O75807	P53708	0.6666666666666666
O75807	P0CG47	0.42857142857142855
O75807	P61081	0.6666666666666666
O75807	Q05513	0.25
O75807	Q9GZV5	0.16666666666666666
O75807	P42772	0.2
O75807	Q93008	0.2
O75807	P01106	0.2
O75807	P37173	0.75
O75807	P10600	0.6666666666666666
O75807	P05106	0.6666666666666666
O75807	Q9NYA4	1.0
O75807	Q14186	0.2
O75807	Q6ZNA4	0.16666666666666666
O75807	P35813	0.2
O75807	Q14188	0.2
O75807	Q9UNE7	1.0
O75807	Q13547	0.16666666666666666
O75807	P17275	0.2
O75807	P50750	0.2
O75807	P28749	0.2
O75807	Q13485	0.3333333333333333
O75807	Q09472	0.2
P53708	Q15583	0.2
P53708	Q9Y5K5	0.6666666666666666
P53708	Q9HCE7	0.5
P53708	P84022	0.3333333333333333
P53708	Q9Y618	0.25
P53708	Q03167	1.0
P53708	Q9HAU4	0.4
P53708	P62942	0.6666666666666666
P53708	Q8N2S1	1.0
P53708	Q9NPB6	0.3333333333333333
P53708	Q969W9	0.6666666666666666
P53708	Q6ZSZ5	0.3333333333333333
P53708	Q9Y4E8	0.6666666666666666
P53708	P62140	0.6666666666666666
P53708	Q14766	1.0
P53708	Q13573	0.25
P53708	P61812	1.0
P53708	P62136	0.6666666666666666
P53708	Q9P2M7	0.3333333333333333
P53708	P61586	0.3333333333333333
P53708	Q9GZN2	0.2
P53708	P67809	0.25
P53708	Q9UPN9	0.25
P53708	Q9NS15	1.0
P53708	Q9UN42	0.25
P53708	Q15329	0.25
P53708	Q16254	0.25
P53708	Q13145	0.6666666666666666
P53708	P61077	0.25
P53708	Q9Y624	0.3333333333333333
P53708	P62987	0.2857142857142857
P53708	Q8TEW0	0.3333333333333333
P53708	Q15843	1.0
P53708	Q14767	1.0
P53708	Q96PU5	0.4
P53708	P62979	0.2857142857142857
P53708	Q15796	0.3333333333333333
P53708	Q9Y3F4	0.6666666666666666
P53708	P61081	1.0
P53708	Q05513	0.3333333333333333
P53708	Q9GZV5	0.2
P53708	Q93008	0.25
P53708	Q9NYA4	0.6666666666666666
P53708	Q14186	0.25
P53708	Q6ZNA4	0.2
P53708	Q14188	0.25
P53708	Q9UNE7	0.6666666666666666
P53708	Q13547	0.2
P53708	Q13485	0.4
P53708	Q09472	0.25
P0CG47	Q15583	0.5714285714285714
P0CG47	Q9Y5K5	0.42857142857142855
P0CG47	Q9HCE7	0.5714285714285714
P0CG47	P84022	0.8571428571428571
P0CG47	Q9Y618	0.42857142857142855
P0CG47	Q03167	0.2857142857142857
P0CG47	Q9HAU4	0.7142857142857143
P0CG47	P62942	0.42857142857142855
P0CG47	Q8N2S1	0.2857142857142857
P0CG47	Q9NPB6	0.2857142857142857
P0CG47	Q969W9	0.42857142857142855
P0CG47	Q6ZSZ5	0.2857142857142857
P0CG47	Q9Y4E8	0.42857142857142855
P0CG47	P27361	0.5714285714285714
P0CG47	P62140	0.42857142857142855
P0CG47	Q14766	0.2857142857142857
P0CG47	Q13573	0.42857142857142855
P0CG47	P51668	0.42857142857142855
P0CG47	P61812	0.2857142857142857
P0CG47	P22681	0.2857142857142857
P0CG47	P36873	0.42857142857142855
P0CG47	P62136	0.42857142857142855
P0CG47	P0CG48	1.0
P0CG47	Q9P2M7	0.2857142857142857
P0CG47	P61586	0.2857142857142857
P0CG47	Q9GZN2	0.5714285714285714
P0CG47	P24863	0.42857142857142855
P0CG47	P67809	0.42857142857142855
P0CG47	P36897	0.5714285714285714
P0CG47	Q9UPN9	0.42857142857142855
P0CG47	P28482	0.5714285714285714
P0CG47	P18084	0.2857142857142857
P0CG47	P49336	0.42857142857142855
P0CG47	Q9NS15	0.2857142857142857
P0CG47	Q9UN42	0.42857142857142855
P0CG47	P12757	0.42857142857142855
P0CG47	Q15329	0.42857142857142855
P0CG47	P18564	0.2857142857142857
P0CG47	Q16254	0.42857142857142855
P0CG47	Q13145	0.42857142857142855
P0CG47	P61077	0.42857142857142855
P0CG47	Q9Y624	0.2857142857142857
P0CG47	P62987	1.0
P0CG47	P12755	0.42857142857142855
P0CG47	Q8TEW0	0.2857142857142857
P0CG47	Q15843	0.2857142857142857
P0CG47	Q14767	0.2857142857142857
P0CG47	Q96PU5	0.7142857142857143
P0CG47	P26012	0.2857142857142857
P0CG47	P62979	1.0
P0CG47	Q15796	0.8571428571428571
P0CG47	Q9Y3F4	0.42857142857142855
P0CG47	P53708	0.2857142857142857
P0CG47	P61081	0.2857142857142857
P0CG47	Q05513	0.2857142857142857
P0CG47	Q9GZV5	0.5714285714285714
P0CG47	P42772	0.42857142857142855
P0CG47	Q93008	0.42857142857142855
P0CG47	P37173	0.5714285714285714
P0CG47	P10600	0.2857142857142857
P0CG47	Q9NYA4	0.42857142857142855
P0CG47	Q14186	0.42857142857142855
P0CG47	Q6ZNA4	0.5714285714285714
P0CG47	P35813	0.42857142857142855
P0CG47	Q14188	0.42857142857142855
P0CG47	Q9UNE7	0.42857142857142855
P0CG47	Q13547	0.5714285714285714
P0CG47	P17275	0.42857142857142855
P0CG47	P50750	0.42857142857142855
P0CG47	P28749	0.42857142857142855
P0CG47	Q13485	0.7142857142857143
P0CG47	Q09472	0.42857142857142855
P61081	Q15583	0.2
P61081	Q9Y5K5	0.6666666666666666
P61081	Q9HCE7	0.5
P61081	P84022	0.3333333333333333
P61081	Q9Y618	0.25
P61081	Q03167	1.0
P61081	Q9HAU4	0.4
P61081	P62942	0.6666666666666666
P61081	Q8N2S1	1.0
P61081	Q9NPB6	0.3333333333333333
P61081	Q969W9	0.6666666666666666
P61081	Q6ZSZ5	0.3333333333333333
P61081	Q9Y4E8	0.6666666666666666
P61081	P62140	0.6666666666666666
P61081	Q14766	1.0
P61081	Q13573	0.25
P61081	P61812	1.0
P61081	P62136	0.6666666666666666
P61081	Q9P2M7	0.3333333333333333
P61081	P61586	0.3333333333333333
P61081	Q9GZN2	0.2
P61081	P67809	0.25
P61081	Q9UPN9	0.25
P61081	Q9NS15	1.0
P61081	Q9UN42	0.25
P61081	Q15329	0.25
P61081	Q16254	0.25
P61081	Q13145	0.6666666666666666
P61081	Q9Y624	0.3333333333333333
P61081	P62987	0.2857142857142857
P61081	Q8TEW0	0.3333333333333333
P61081	Q15843	1.0
P61081	Q14767	1.0
P61081	Q96PU5	0.4
P61081	P62979	0.2857142857142857
P61081	Q15796	0.3333333333333333
P61081	Q9Y3F4	0.6666666666666666
P61081	Q05513	0.3333333333333333
P61081	Q9GZV5	0.2
P61081	Q93008	0.25
P61081	Q9NYA4	0.6666666666666666
P61081	Q14186	0.25
P61081	Q6ZNA4	0.2
P61081	Q14188	0.25
P61081	Q9UNE7	0.6666666666666666
P61081	Q13547	0.2
P61081	Q13485	0.4
P61081	Q09472	0.25
Q05513	Q15583	0.2
Q05513	Q9Y5K5	0.25
Q05513	Q9HCE7	0.5
Q05513	Q9Y618	0.25
Q05513	Q9HAU4	0.16666666666666666
Q05513	Q8N2S1	0.3333333333333333
Q05513	Q9NPB6	1.0
Q05513	Q969W9	0.25
Q05513	Q6ZSZ5	1.0
Q05513	Q9Y4E8	0.25
Q05513	Q14766	0.3333333333333333
Q05513	Q13573	0.25
Q05513	Q9P2M7	1.0
Q05513	Q9GZN2	0.2
Q05513	Q9UPN9	0.25
Q05513	Q9NS15	0.3333333333333333
Q05513	Q9UN42	0.25
Q05513	Q15329	0.25
Q05513	Q16254	0.25
Q05513	Q13145	0.25
Q05513	Q9Y624	1.0
Q05513	Q8TEW0	1.0
Q05513	Q15843	0.3333333333333333
Q05513	Q14767	0.3333333333333333
Q05513	Q96PU5	0.16666666666666666
Q05513	Q15796	0.14285714285714285
Q05513	Q9Y3F4	0.25
Q05513	Q9GZV5	0.2
Q05513	Q93008	0.25
Q05513	Q9NYA4	0.25
Q05513	Q14186	0.25
Q05513	Q6ZNA4	0.2
Q05513	Q14188	0.25
Q05513	Q9UNE7	0.25
Q05513	Q13547	0.2
Q05513	Q13485	0.16666666666666666
Q05513	Q09472	0.25
Q9GZV5	Q9Y5K5	0.16666666666666666
Q9GZV5	Q9HCE7	0.14285714285714285
Q9GZV5	Q9Y618	0.75
Q9GZV5	Q9HAU4	0.5
Q9GZV5	Q9NPB6	0.2
Q9GZV5	Q9Y4E8	0.16666666666666666
Q9GZV5	Q9P2M7	0.2
Q9GZV5	Q9UPN9	0.75
Q9GZV5	Q9NS15	0.2
Q9GZV5	Q9UN42	0.75
Q9GZV5	Q9Y624	0.2
Q9GZV5	Q9Y3F4	0.16666666666666666
Q9GZV5	Q9NYA4	0.16666666666666666
Q9GZV5	Q9UNE7	0.16666666666666666
P42772	Q15583	0.75
P42772	Q9Y5K5	0.2
P42772	Q9HCE7	0.16666666666666666
P42772	P84022	0.5
P42772	Q9Y618	0.5
P42772	Q03167	0.25
P42772	Q9HAU4	0.3333333333333333
P42772	P62942	0.2
P42772	Q8N2S1	0.25
P42772	Q9NPB6	0.25
P42772	Q969W9	0.2
P42772	Q6ZSZ5	0.25
P42772	Q9Y4E8	0.2
P42772	P62140	0.2
P42772	Q14766	0.25
P42772	Q13573	0.5
P42772	P51668	0.5
P42772	P61812	0.25
P42772	P62136	0.2
P42772	Q9P2M7	0.25
P42772	P61586	0.25
P42772	Q9GZN2	0.75
P42772	P67809	1.0
P42772	Q9UPN9	0.5
P42772	P49336	1.0
P42772	Q9NS15	0.25
P42772	Q9UN42	0.5
P42772	Q15329	1.0
P42772	Q16254	1.0
P42772	Q13145	0.2
P42772	P61077	0.5
P42772	Q9Y624	0.25
P42772	P62987	0.42857142857142855
P42772	Q8TEW0	0.25
P42772	Q15843	0.25
P42772	Q14767	0.25
P42772	Q96PU5	0.3333333333333333
P42772	P62979	0.42857142857142855
P42772	Q15796	0.5
P42772	Q9Y3F4	0.2
P42772	P53708	0.25
P42772	P61081	0.25
P42772	Q05513	0.25
P42772	Q9GZV5	0.75
P42772	Q93008	0.5
P42772	Q9NYA4	0.2
P42772	Q14186	1.0
P42772	Q6ZNA4	0.75
P42772	Q14188	1.0
P42772	Q9UNE7	0.2
P42772	Q13547	0.75
P42772	P50750	1.0
P42772	Q13485	0.6
P42772	Q09472	1.0
O75376	Q15583	0.75
O75376	Q9Y5K5	0.2
O75376	Q9HCE7	0.16666666666666666
O75376	P84022	0.5
O75376	Q9Y618	1.0
O75376	Q03167	0.25
O75376	Q9HAU4	0.6
O75376	P62942	0.2
O75376	Q8N2S1	0.25
O75376	Q9NPB6	0.25
O75376	Q969W9	0.2
O75376	Q6ZSZ5	0.25
O75376	Q9Y4E8	0.2
O75376	P27361	0.75
O75376	P62140	0.2
O75376	O75909	0.5
O75376	Q14766	0.25
O75376	P09958	0.4
O75376	Q13573	1.0
O75376	P51668	1.0
O75376	P61812	0.25
O75376	P22681	0.25
O75376	P36873	0.2
O75376	P62136	0.2
O75376	P0CG48	0.42857142857142855
O75376	P08123	0.5
O75376	Q9P2M7	0.25
O75376	P06756	0.25
O75376	P61586	0.25
O75376	Q9GZN2	0.75
O75376	P24863	0.5
O75376	P67809	0.5
O75376	P36897	0.16666666666666666
O75376	Q9UPN9	1.0
O75376	P28482	0.75
O75376	P01137	0.16666666666666666
O75376	P09874	1.0
O75376	P18084	0.25
O75376	P49336	0.5
O75376	Q9NS15	0.25
O75376	Q9UN42	1.0
O75376	P12757	1.0
O75376	Q15329	0.5
O75376	P05556	0.25
O75376	P18564	0.25
O75376	P08047	0.5
O75376	Q16254	0.5
O75376	P05121	0.5
O75376	Q13145	0.2
O75376	P61077	1.0
O75376	Q9Y624	0.25
O75376	P62987	0.42857142857142855
O75376	P12755	1.0
O75376	Q8TEW0	0.25
O75376	Q15843	0.25
O75376	Q14767	0.25
O75376	Q96PU5	0.6
O75376	P26012	0.25
O75376	P62979	0.42857142857142855
O75376	Q15796	0.5
O75376	Q9Y3F4	0.2
O75376	O75807	0.2
O75376	P53708	0.25
O75376	P0CG47	0.42857142857142855
O75376	P61081	0.25
O75376	Q05513	0.25
O75376	Q9GZV5	0.75
O75376	P42772	0.5
O75376	Q93008	1.0
O75376	P01106	0.5
O75376	P37173	0.16666666666666666
O75376	P10600	0.25
O75376	P05106	0.25
O75376	Q9NYA4	0.2
O75376	Q14186	0.5
O75376	Q6ZNA4	0.75
O75376	P35813	1.0
O75376	Q14188	0.5
O75376	Q9UNE7	0.2
O75376	Q13547	0.75
O75376	P17275	0.5
O75376	P50750	0.5
O75376	P28749	0.5
O75376	Q13485	0.6
O75376	Q09472	0.5
Q93008	Q9Y5K5	0.2
Q93008	Q9HCE7	0.16666666666666666
Q93008	Q9Y618	1.0
Q93008	Q9HAU4	0.6
Q93008	Q9NPB6	0.25
Q93008	Q969W9	0.2
Q93008	Q9Y4E8	0.2
Q93008	Q9P2M7	0.25
Q93008	Q9GZN2	0.75
Q93008	Q9UPN9	1.0
Q93008	Q9NS15	0.25
Q93008	Q9UN42	1.0
Q93008	Q9Y624	0.25
Q93008	Q96PU5	0.6
Q93008	Q9Y3F4	0.2
Q93008	Q9GZV5	0.75
Q93008	Q9NYA4	0.2
Q93008	Q9UNE7	0.2
P01106	Q15583	0.75
P01106	Q9Y5K5	0.2
P01106	Q9HCE7	0.16666666666666666
P01106	P84022	0.5
P01106	Q9Y618	0.5
P01106	Q03167	0.25
P01106	Q9HAU4	0.3333333333333333
P01106	P62942	0.2
P01106	Q8N2S1	0.25
P01106	Q9NPB6	0.25
P01106	Q969W9	0.2
P01106	Q6ZSZ5	0.25
P01106	Q9Y4E8	0.2
P01106	P27361	0.75
P01106	P62140	0.2
P01106	Q14766	0.25
P01106	P09958	0.75
P01106	Q13573	0.5
P01106	P51668	0.5
P01106	P61812	0.25
P01106	P22681	0.25
P01106	P36873	0.2
P01106	P62136	0.2
P01106	P0CG48	0.42857142857142855
P01106	P08123	1.0
P01106	Q9P2M7	0.25
P01106	P06756	0.25
P01106	P61586	0.25
P01106	Q9GZN2	0.75
P01106	P24863	1.0
P01106	P67809	1.0
P01106	P36897	0.16666666666666666
P01106	Q9UPN9	0.5
P01106	P28482	0.75
P01106	P01137	0.16666666666666666
P01106	P09874	0.5
P01106	P18084	0.25
P01106	P49336	1.0
P01106	Q9NS15	0.25
P01106	Q9UN42	0.5
P01106	P12757	0.5
P01106	Q15329	1.0
P01106	P05556	0.25
P01106	P18564	0.25
P01106	P08047	1.0
P01106	Q16254	1.0
P01106	P05121	1.0
P01106	Q13145	0.2
P01106	P61077	0.5
P01106	Q9Y624	0.25
P01106	P62987	0.42857142857142855
P01106	P12755	0.5
P01106	Q8TEW0	0.25
P01106	Q15843	0.25
P01106	Q14767	0.25
P01106	Q96PU5	0.3333333333333333
P01106	P26012	0.25
P01106	P62979	0.42857142857142855
P01106	Q15796	0.5
P01106	Q9Y3F4	0.2
P01106	P53708	0.25
P01106	P0CG47	0.42857142857142855
P01106	P61081	0.25
P01106	Q05513	0.25
P01106	Q9GZV5	0.75
P01106	P42772	1.0
P01106	Q93008	0.5
P01106	P37173	0.16666666666666666
P01106	P10600	0.25
P01106	P05106	0.25
P01106	Q9NYA4	0.2
P01106	Q14186	1.0
P01106	Q6ZNA4	0.75
P01106	P35813	0.5
P01106	Q14188	1.0
P01106	Q9UNE7	0.2
P01106	Q13547	0.75
P01106	P17275	1.0
P01106	P50750	1.0
P01106	P28749	1.0
P01106	Q13485	0.6
P01106	Q09472	1.0
P37173	Q15583	0.14285714285714285
P37173	Q9Y5K5	0.75
P37173	Q9HCE7	1.0
P37173	P84022	0.42857142857142855
P37173	Q9Y618	0.16666666666666666
P37173	Q03167	0.5
P37173	Q9HAU4	0.5
P37173	P62942	0.75
P37173	Q8N2S1	0.5
P37173	Q9NPB6	0.5
P37173	Q969W9	0.75
P37173	Q6ZSZ5	0.5
P37173	Q9Y4E8	0.75
P37173	P62140	0.75
P37173	Q14766	0.5
P37173	Q13573	0.16666666666666666
P37173	P51668	0.16666666666666666
P37173	P61812	0.5
P37173	P62136	0.75
P37173	Q9P2M7	0.5
P37173	P61586	0.5
P37173	Q9GZN2	0.14285714285714285
P37173	P67809	0.16666666666666666
P37173	Q9UPN9	0.16666666666666666
P37173	P49336	0.16666666666666666
P37173	Q9NS15	0.5
P37173	Q9UN42	0.16666666666666666
P37173	Q15329	0.16666666666666666
P37173	Q16254	0.16666666666666666
P37173	Q13145	0.75
P37173	P61077	0.16666666666666666
P37173	Q9Y624	0.5
P37173	P62987	0.5714285714285714
P37173	Q8TEW0	0.5
P37173	Q15843	0.5
P37173	Q14767	0.5
P37173	Q96PU5	0.5
P37173	P62979	0.5714285714285714
P37173	Q15796	0.42857142857142855
P37173	Q9Y3F4	0.75
P37173	P53708	0.5
P37173	P61081	0.5
P37173	Q05513	0.5
P37173	Q9GZV5	0.14285714285714285
P37173	P42772	0.16666666666666666
P37173	Q93008	0.16666666666666666
P37173	Q9NYA4	0.75
P37173	Q14186	0.16666666666666666
P37173	Q6ZNA4	0.14285714285714285
P37173	Q14188	0.16666666666666666
P37173	Q9UNE7	0.75
P37173	Q13547	0.14285714285714285
P37173	P50750	0.16666666666666666
P37173	Q13485	0.2857142857142857
P37173	Q09472	0.16666666666666666
P10600	Q15583	0.2
P10600	Q9Y5K5	0.6666666666666666
P10600	Q9HCE7	0.5
P10600	P84022	0.3333333333333333
P10600	Q9Y618	0.25
P10600	Q03167	1.0
P10600	Q9HAU4	0.4
P10600	P62942	0.6666666666666666
P10600	Q8N2S1	1.0
P10600	Q9NPB6	0.3333333333333333
P10600	Q969W9	0.6666666666666666
P10600	Q6ZSZ5	0.3333333333333333
P10600	Q9Y4E8	0.6666666666666666
P10600	P27361	0.2
P10600	P62140	0.6666666666666666
P10600	Q14766	1.0
P10600	Q13573	0.25
P10600	P51668	0.25
P10600	P61812	1.0
P10600	P22681	1.0
P10600	P36873	0.6666666666666666
P10600	P62136	0.6666666666666666
P10600	Q9P2M7	0.3333333333333333
P10600	P61586	0.3333333333333333
P10600	Q9GZN2	0.2
P10600	P24863	0.25
P10600	P67809	0.25
P10600	P36897	0.5
P10600	Q9UPN9	0.25
P10600	P28482	0.2
P10600	P18084	1.0
P10600	P49336	0.25
P10600	Q9NS15	1.0
P10600	Q9UN42	0.25
P10600	P12757	0.25
P10600	Q15329	0.25
P10600	P18564	1.0
P10600	Q16254	0.25
P10600	Q13145	0.6666666666666666
P10600	P61077	0.25
P10600	Q9Y624	0.3333333333333333
P10600	P62987	0.2857142857142857
P10600	P12755	0.25
P10600	Q8TEW0	0.3333333333333333
P10600	Q15843	1.0
P10600	Q14767	1.0
P10600	Q96PU5	0.4
P10600	P26012	1.0
P10600	P62979	0.2857142857142857
P10600	Q15796	0.3333333333333333
P10600	Q9Y3F4	0.6666666666666666
P10600	P53708	1.0
P10600	P61081	1.0
P10600	Q05513	0.3333333333333333
P10600	Q9GZV5	0.2
P10600	P42772	0.25
P10600	Q93008	0.25
P10600	P37173	0.5
P10600	Q9NYA4	0.6666666666666666
P10600	Q14186	0.25
P10600	Q6ZNA4	0.2
P10600	P35813	0.25
P10600	Q14188	0.25
P10600	Q9UNE7	0.6666666666666666
P10600	Q13547	0.2
P10600	P17275	0.25
P10600	P50750	0.25
P10600	P28749	0.25
P10600	Q13485	0.4
P10600	Q09472	0.25
P05106	Q15583	0.2
P05106	Q9Y5K5	0.6666666666666666
P05106	Q9HCE7	0.5
P05106	P84022	0.3333333333333333
P05106	Q9Y618	0.25
P05106	Q03167	1.0
P05106	Q9HAU4	0.4
P05106	P62942	0.6666666666666666
P05106	Q8N2S1	1.0
P05106	Q9NPB6	0.3333333333333333
P05106	Q969W9	0.6666666666666666
P05106	Q6ZSZ5	0.3333333333333333
P05106	Q9Y4E8	0.6666666666666666
P05106	P27361	0.2
P05106	P62140	0.6666666666666666
P05106	Q14766	1.0
P05106	P09958	0.5
P05106	Q13573	0.25
P05106	P51668	0.25
P05106	P61812	1.0
P05106	P22681	1.0
P05106	P36873	0.6666666666666666
P05106	P62136	0.6666666666666666
P05106	P0CG48	0.2857142857142857
P05106	P08123	0.25
P05106	Q9P2M7	0.3333333333333333
P05106	P06756	1.0
P05106	P61586	0.3333333333333333
P05106	Q9GZN2	0.2
P05106	P24863	0.25
P05106	P67809	0.25
P05106	P36897	0.5
P05106	Q9UPN9	0.25
P05106	P28482	0.2
P05106	P09874	0.25
P05106	P18084	1.0
P05106	P49336	0.25
P05106	Q9NS15	1.0
P05106	Q9UN42	0.25
P05106	P12757	0.25
P05106	Q15329	0.25
P05106	P05556	1.0
P05106	P18564	1.0
P05106	P08047	0.25
P05106	Q16254	0.25
P05106	P05121	0.25
P05106	Q13145	0.6666666666666666
P05106	P61077	0.25
P05106	Q9Y624	0.3333333333333333
P05106	P62987	0.2857142857142857
P05106	P12755	0.25
P05106	Q8TEW0	0.3333333333333333
P05106	Q15843	1.0
P05106	Q14767	1.0
P05106	Q96PU5	0.4
P05106	P26012	1.0
P05106	P62979	0.2857142857142857
P05106	Q15796	0.3333333333333333
P05106	Q9Y3F4	0.6666666666666666
P05106	P53708	1.0
P05106	P0CG47	0.2857142857142857
P05106	P61081	1.0
P05106	Q05513	0.3333333333333333
P05106	Q9GZV5	0.2
P05106	P42772	0.25
P05106	Q93008	0.25
P05106	P37173	0.5
P05106	P10600	1.0
P05106	Q9NYA4	0.6666666666666666
P05106	Q14186	0.25
P05106	Q6ZNA4	0.2
P05106	P35813	0.25
P05106	Q14188	0.25
P05106	Q9UNE7	0.6666666666666666
P05106	Q13547	0.2
P05106	P17275	0.25
P05106	P50750	0.25
P05106	P28749	0.25
P05106	Q13485	0.4
P05106	Q09472	0.25
Q9NYA4	Q9Y5K5	1.0
Q9NYA4	Q9Y618	0.2
Q9NYA4	Q9Y4E8	1.0
Q9NYA4	Q9P2M7	0.25
Q9NYA4	Q9UPN9	0.2
Q9NYA4	Q9UN42	0.2
Q9NYA4	Q9Y624	0.25
Q9NYA4	Q9Y3F4	1.0
Q9NYA4	Q9UNE7	1.0
Q14186	Q15583	0.75
Q14186	Q9Y5K5	0.2
Q14186	Q9HCE7	0.16666666666666666
Q14186	Q9Y618	0.5
Q14186	Q9HAU4	0.3333333333333333
Q14186	Q8N2S1	0.25
Q14186	Q9NPB6	0.25
Q14186	Q969W9	0.2
Q14186	Q6ZSZ5	0.25
Q14186	Q9Y4E8	0.2
Q14186	Q14766	0.25
Q14186	Q9P2M7	0.25
Q14186	Q9GZN2	0.75
Q14186	Q9UPN9	0.5
Q14186	Q9NS15	0.25
Q14186	Q9UN42	0.5
Q14186	Q15329	1.0
Q14186	Q16254	1.0
Q14186	Q9Y624	0.25
Q14186	Q8TEW0	0.25
Q14186	Q15843	0.25
Q14186	Q14767	0.25
Q14186	Q96PU5	0.3333333333333333
Q14186	Q15796	0.5
Q14186	Q9Y3F4	0.2
Q14186	Q9GZV5	0.75
Q14186	Q93008	0.5
Q14186	Q9NYA4	0.2
Q14186	Q6ZNA4	0.75
Q14186	Q14188	1.0
Q14186	Q9UNE7	0.2
Q6ZNA4	Q9Y5K5	0.16666666666666666
Q6ZNA4	Q9HCE7	0.14285714285714285
Q6ZNA4	Q9Y618	0.75
Q6ZNA4	Q9HAU4	0.5
Q6ZNA4	Q8N2S1	0.2
Q6ZNA4	Q9NPB6	0.2
Q6ZNA4	Q969W9	0.16666666666666666
Q6ZNA4	Q6ZSZ5	0.2
Q6ZNA4	Q9Y4E8	0.16666666666666666
Q6ZNA4	Q9P2M7	0.2
Q6ZNA4	Q9GZN2	1.0
Q6ZNA4	Q9UPN9	0.75
Q6ZNA4	Q9NS15	0.2
Q6ZNA4	Q9UN42	0.75
Q6ZNA4	Q9Y624	0.2
Q6ZNA4	Q8TEW0	0.2
Q6ZNA4	Q96PU5	0.5
Q6ZNA4	Q9Y3F4	0.16666666666666666
Q6ZNA4	Q9GZV5	1.0
Q6ZNA4	Q93008	0.75
Q6ZNA4	Q9NYA4	0.16666666666666666
Q6ZNA4	Q9UNE7	0.16666666666666666
P35813	Q15583	0.75
P35813	Q9Y5K5	0.2
P35813	Q9HCE7	0.16666666666666666
P35813	P84022	0.5
P35813	Q9Y618	1.0
P35813	Q03167	0.25
P35813	Q9HAU4	0.6
P35813	P62942	0.2
P35813	Q8N2S1	0.25
P35813	Q9NPB6	0.25
P35813	Q969W9	0.2
P35813	Q6ZSZ5	0.25
P35813	Q9Y4E8	0.2
P35813	P62140	0.2
P35813	Q14766	0.25
P35813	Q13573	1.0
P35813	P51668	1.0
P35813	P61812	0.25
P35813	P36873	0.2
P35813	P62136	0.2
P35813	Q9P2M7	0.25
P35813	P61586	0.25
P35813	Q9GZN2	0.75
P35813	P67809	0.5
P35813	P36897	0.16666666666666666
P35813	Q9UPN9	1.0
P35813	P49336	0.5
P35813	Q9NS15	0.25
P35813	Q9UN42	1.0
P35813	Q15329	0.5
P35813	Q16254	0.5
P35813	Q13145	0.2
P35813	P61077	1.0
P35813	Q9Y624	0.25
P35813	P62987	0.42857142857142855
P35813	Q8TEW0	0.25
P35813	Q15843	0.25
P35813	Q14767	0.25
P35813	Q96PU5	0.6
P35813	P62979	0.42857142857142855
P35813	Q15796	0.5
P35813	Q9Y3F4	0.2
P35813	P53708	0.25
P35813	P61081	0.25
P35813	Q05513	0.25
P35813	Q9GZV5	0.75
P35813	P42772	0.5
P35813	Q93008	1.0
P35813	P37173	0.16666666666666666
P35813	Q9NYA4	0.2
P35813	Q14186	0.5
P35813	Q6ZNA4	0.75
P35813	Q14188	0.5
P35813	Q9UNE7	0.2
P35813	Q13547	0.75
P35813	P50750	0.5
P35813	Q13485	0.6
P35813	Q09472	0.5
O15105	Q15583	0.6666666666666666
O15105	Q9Y5K5	0.5
O15105	Q9HCE7	0.42857142857142855
O15105	O60583	0.5
O15105	P84022	1.0
O15105	Q9Y618	0.5
O15105	Q03167	0.3333333333333333
O15105	Q9HAU4	0.8333333333333334
O15105	P62942	0.2857142857142857
O15105	Q8N2S1	0.3333333333333333
O15105	Q9NPB6	0.14285714285714285
O15105	Q969W9	0.5
O15105	Q6ZSZ5	0.14285714285714285
O15105	Q9Y4E8	0.5
O15105	P27361	0.6666666666666666
O15105	P62140	0.5
O15105	O75909	0.5
O15105	Q14766	0.3333333333333333
O15105	P09958	0.6666666666666666
O15105	Q13573	0.5
O15105	P51668	0.5
O15105	P61812	0.3333333333333333
O15105	P22681	0.3333333333333333
O15105	P36873	0.5
O15105	P62136	0.5
O15105	P0CG48	0.8571428571428571
O15105	P08123	0.5
O15105	Q9P2M7	0.14285714285714285
O15105	P06756	0.3333333333333333
O15105	P61586	0.14285714285714285
O15105	Q9GZN2	0.6666666666666666
O15105	P24863	0.5
O15105	P67809	0.5
O15105	P36897	0.42857142857142855
O15105	Q9UPN9	0.5
O15105	P28482	0.6666666666666666
O15105	P01137	0.42857142857142855
O15105	P09874	0.5
O15105	P18084	0.3333333333333333
O15105	P49336	0.5
O15105	Q9NS15	0.3333333333333333
O15105	Q9UN42	0.5
O15105	P12757	0.5
O15105	Q15329	0.5
O15105	P05556	0.3333333333333333
O15105	P18564	0.3333333333333333
O15105	P08047	0.5
O15105	Q16254	0.5
O15105	P05121	0.5
O15105	Q13145	0.5
O15105	P61077	0.5
O15105	Q9Y624	0.14285714285714285
O15105	P62987	0.8571428571428571
O15105	P12755	0.5
O15105	Q8TEW0	0.14285714285714285
O15105	Q15843	0.3333333333333333
O15105	Q14767	0.3333333333333333
O15105	O60563	0.5
O15105	Q96PU5	0.8333333333333334
O15105	P26012	0.3333333333333333
O15105	P62979	0.8571428571428571
O15105	Q15796	1.0
O15105	Q9Y3F4	0.5
O15105	O75807	0.5
O15105	P53708	0.3333333333333333
O15105	P0CG47	0.8571428571428571
O15105	P61081	0.3333333333333333
O15105	Q05513	0.14285714285714285
O15105	Q9GZV5	0.6666666666666666
O15105	P42772	0.5
O15105	O75376	0.5
O15105	Q93008	0.5
O15105	P01106	0.5
O15105	P37173	0.42857142857142855
O15105	P10600	0.3333333333333333
O15105	P05106	0.3333333333333333
O15105	Q9NYA4	0.5
O15105	Q14186	0.5
O15105	Q6ZNA4	0.6666666666666666
O15105	P35813	0.5
O15105	Q14188	0.5
O15105	Q9UNE7	0.5
O15105	Q13547	0.6666666666666666
O15105	P17275	0.5
O15105	P50750	0.5
O15105	P28749	0.5
O15105	Q13485	0.8333333333333334
O15105	Q09472	0.5
Q14188	Q15583	0.75
Q14188	Q9Y5K5	0.2
Q14188	Q9HCE7	0.16666666666666666
Q14188	Q9Y618	0.5
Q14188	Q9HAU4	0.3333333333333333
Q14188	Q8N2S1	0.25
Q14188	Q9NPB6	0.25
Q14188	Q969W9	0.2
Q14188	Q6ZSZ5	0.25
Q14188	Q9Y4E8	0.2
Q14188	Q14766	0.25
Q14188	Q9P2M7	0.25
Q14188	Q9GZN2	0.75
Q14188	Q9UPN9	0.5
Q14188	Q9NS15	0.25
Q14188	Q9UN42	0.5
Q14188	Q15329	1.0
Q14188	Q16254	1.0
Q14188	Q9Y624	0.25
Q14188	Q8TEW0	0.25
Q14188	Q15843	0.25
Q14188	Q14767	0.25
Q14188	Q96PU5	0.3333333333333333
Q14188	Q15796	0.5
Q14188	Q9Y3F4	0.2
Q14188	Q9GZV5	0.75
Q14188	Q93008	0.5
Q14188	Q9NYA4	0.2
Q14188	Q6ZNA4	0.75
Q14188	Q9UNE7	0.2
Q9UNE7	Q9Y5K5	1.0
Q9UNE7	Q9Y618	0.2
Q9UNE7	Q9Y4E8	1.0
Q9UNE7	Q9UPN9	0.2
Q9UNE7	Q9Y624	0.25
Q9UNE7	Q9Y3F4	1.0
Q13547	Q15583	1.0
Q13547	Q9Y5K5	0.16666666666666666
Q13547	Q9HCE7	0.14285714285714285
Q13547	Q9Y618	0.75
Q13547	Q9HAU4	0.5
Q13547	Q8N2S1	0.2
Q13547	Q9NPB6	0.2
Q13547	Q969W9	0.16666666666666666
Q13547	Q6ZSZ5	0.2
Q13547	Q9Y4E8	0.16666666666666666
Q13547	Q14766	0.2
Q13547	Q13573	0.75
Q13547	Q9P2M7	0.2
Q13547	Q9GZN2	1.0
Q13547	Q9UPN9	0.75
Q13547	Q9NS15	0.2
Q13547	Q9UN42	0.75
Q13547	Q15329	0.75
Q13547	Q16254	0.75
Q13547	Q9Y624	0.2
Q13547	Q8TEW0	0.2
Q13547	Q15843	0.2
Q13547	Q14767	0.2
Q13547	Q96PU5	0.5
Q13547	Q15796	0.6666666666666666
Q13547	Q9Y3F4	0.16666666666666666
Q13547	Q9GZV5	1.0
Q13547	Q93008	0.75
Q13547	Q9NYA4	0.16666666666666666
Q13547	Q14186	0.75
Q13547	Q6ZNA4	1.0
Q13547	Q14188	0.75
Q13547	Q9UNE7	0.16666666666666666
P17275	Q15583	0.75
P17275	Q9Y5K5	0.2
P17275	Q9HCE7	0.16666666666666666
P17275	P84022	0.5
P17275	Q9Y618	0.5
P17275	Q03167	0.25
P17275	Q9HAU4	0.3333333333333333
P17275	P62942	0.2
P17275	Q8N2S1	0.25
P17275	Q9NPB6	0.25
P17275	Q969W9	0.2
P17275	Q6ZSZ5	0.25
P17275	Q9Y4E8	0.2
P17275	P27361	0.75
P17275	P62140	0.2
P17275	Q14766	0.25
P17275	Q13573	0.5
P17275	P51668	0.5
P17275	P61812	0.25
P17275	P22681	0.25
P17275	P36873	0.2
P17275	P62136	0.2
P17275	Q9P2M7	0.25
P17275	P61586	0.25
P17275	Q9GZN2	0.75
P17275	P24863	1.0
P17275	P67809	1.0
P17275	P36897	0.16666666666666666
P17275	Q9UPN9	0.5
P17275	P28482	0.75
P17275	P18084	0.25
P17275	P49336	1.0
P17275	Q9NS15	0.25
P17275	Q9UN42	0.5
P17275	Q15329	1.0
P17275	P18564	0.25
P17275	Q16254	1.0
P17275	Q13145	0.2
P17275	P61077	0.5
P17275	Q9Y624	0.25
P17275	P62987	0.42857142857142855
P17275	Q8TEW0	0.25
P17275	Q15843	0.25
P17275	Q14767	0.25
P17275	Q96PU5	0.3333333333333333
P17275	P26012	0.25
P17275	P62979	0.42857142857142855
P17275	Q15796	0.5
P17275	Q9Y3F4	0.2
P17275	P53708	0.25
P17275	P61081	0.25
P17275	Q05513	0.25
P17275	Q9GZV5	0.75
P17275	P42772	1.0
P17275	Q93008	0.5
P17275	P37173	0.16666666666666666
P17275	Q9NYA4	0.2
P17275	Q14186	1.0
P17275	Q6ZNA4	0.75
P17275	P35813	0.5
P17275	Q14188	1.0
P17275	Q9UNE7	0.2
P17275	Q13547	0.75
P17275	P50750	1.0
P17275	P28749	1.0
P17275	Q13485	0.6
P17275	Q09472	1.0
P50750	Q15583	0.75
P50750	Q9Y5K5	0.2
P50750	Q9HCE7	0.16666666666666666
P50750	P84022	0.5
P50750	Q9Y618	0.5
P50750	Q03167	0.25
P50750	Q9HAU4	0.3333333333333333
P50750	P62942	0.2
P50750	Q8N2S1	0.25
P50750	Q9NPB6	0.25
P50750	Q969W9	0.2
P50750	Q6ZSZ5	0.25
P50750	Q9Y4E8	0.2
P50750	P62140	0.2
P50750	Q14766	0.25
P50750	Q13573	0.5
P50750	P51668	0.5
P50750	P61812	0.25
P50750	P62136	0.2
P50750	Q9P2M7	0.25
P50750	P61586	0.25
P50750	Q9GZN2	0.75
P50750	P67809	1.0
P50750	Q9UPN9	0.5
P50750	Q9NS15	0.25
P50750	Q9UN42	0.5
P50750	Q15329	1.0
P50750	Q16254	1.0
P50750	Q13145	0.2
P50750	P61077	0.5
P50750	Q9Y624	0.25
P50750	P62987	0.42857142857142855
P50750	Q8TEW0	0.25
P50750	Q15843	0.25
P50750	Q14767	0.25
P50750	Q96PU5	0.3333333333333333
P50750	P62979	0.42857142857142855
P50750	Q15796	0.5
P50750	Q9Y3F4	0.2
P50750	P53708	0.25
P50750	P61081	0.25
P50750	Q05513	0.25
P50750	Q9GZV5	0.75
P50750	Q93008	0.5
P50750	Q9NYA4	0.2
P50750	Q14186	1.0
P50750	Q6ZNA4	0.75
P50750	Q14188	1.0
P50750	Q9UNE7	0.2
P50750	Q13547	0.75
P50750	Q13485	0.6
P50750	Q09472	1.0
P28749	Q15583	0.75
P28749	Q9Y5K5	0.2
P28749	Q9HCE7	0.16666666666666666
P28749	P84022	0.5
P28749	Q9Y618	0.5
P28749	Q03167	0.25
P28749	Q9HAU4	0.3333333333333333
P28749	P62942	0.2
P28749	Q8N2S1	0.25
P28749	Q9NPB6	0.25
P28749	Q969W9	0.2
P28749	Q6ZSZ5	0.25
P28749	Q9Y4E8	0.2
P28749	P62140	0.2
P28749	Q14766	0.25
P28749	Q13573	0.5
P28749	P51668	0.5
P28749	P61812	0.25
P28749	P36873	0.2
P28749	P62136	0.2
P28749	Q9P2M7	0.25
P28749	P61586	0.25
P28749	Q9GZN2	0.75
P28749	P67809	1.0
P28749	P36897	0.16666666666666666
P28749	Q9UPN9	0.5
P28749	P49336	1.0
P28749	Q9NS15	0.25
P28749	Q9UN42	0.5
P28749	Q15329	1.0
P28749	Q16254	1.0
P28749	Q13145	0.2
P28749	P61077	0.5
P28749	Q9Y624	0.25
P28749	P62987	0.42857142857142855
P28749	Q8TEW0	0.25
P28749	Q15843	0.25
P28749	Q14767	0.25
P28749	Q96PU5	0.3333333333333333
P28749	P62979	0.42857142857142855
P28749	Q15796	0.5
P28749	Q9Y3F4	0.2
P28749	P53708	0.25
P28749	P61081	0.25
P28749	Q05513	0.25
P28749	Q9GZV5	0.75
P28749	P42772	1.0
P28749	Q93008	0.5
P28749	P37173	0.16666666666666666
P28749	Q9NYA4	0.2
P28749	Q14186	1.0
P28749	Q6ZNA4	0.75
P28749	P35813	0.5
P28749	Q14188	1.0
P28749	Q9UNE7	0.2
P28749	Q13547	0.75
P28749	P50750	1.0
P28749	Q13485	0.6
P28749	Q09472	1.0
Q13485	Q15583	0.8
Q13485	Q9Y5K5	0.3333333333333333
Q13485	Q9HCE7	0.2857142857142857
Q13485	Q9Y618	0.6
Q13485	Q9HAU4	0.6666666666666666
Q13485	Q8N2S1	0.4
Q13485	Q9NPB6	0.16666666666666666
Q13485	Q969W9	0.3333333333333333
Q13485	Q6ZSZ5	0.16666666666666666
Q13485	Q9Y4E8	0.3333333333333333
Q13485	Q14766	0.4
Q13485	Q13573	0.6
Q13485	Q9P2M7	0.16666666666666666
Q13485	Q9GZN2	0.8
Q13485	Q9UPN9	0.6
Q13485	Q9NS15	0.4
Q13485	Q9UN42	0.6
Q13485	Q15329	0.6
Q13485	Q16254	0.6
Q13485	Q9Y624	0.16666666666666666
Q13485	Q8TEW0	0.16666666666666666
Q13485	Q15843	0.4
Q13485	Q14767	0.4
Q13485	Q96PU5	0.6666666666666666
Q13485	Q15796	0.8333333333333334
Q13485	Q9Y3F4	0.3333333333333333
Q13485	Q9GZV5	0.8
Q13485	Q93008	0.6
Q13485	Q9NYA4	0.3333333333333333
Q13485	Q14186	0.6
Q13485	Q6ZNA4	0.8
Q13485	Q14188	0.6
Q13485	Q9UNE7	0.3333333333333333
Q13485	Q13547	0.8
Q09472	Q15583	0.75
Q09472	Q9Y5K5	0.2
Q09472	Q9HCE7	0.16666666666666666
Q09472	Q9Y618	0.5
Q09472	Q9HAU4	0.3333333333333333
Q09472	Q8N2S1	0.25
Q09472	Q9NPB6	0.25
Q09472	Q969W9	0.2
Q09472	Q6ZSZ5	0.25
Q09472	Q9Y4E8	0.2
Q09472	Q14766	0.25
Q09472	Q13573	0.5
Q09472	Q9P2M7	0.25
Q09472	Q9GZN2	0.75
Q09472	Q9UPN9	0.5
Q09472	Q9NS15	0.25
Q09472	Q9UN42	0.5
Q09472	Q15329	1.0
Q09472	Q16254	1.0
Q09472	Q13145	0.2
Q09472	Q9Y624	0.25
Q09472	Q8TEW0	0.25
Q09472	Q15843	0.25
Q09472	Q14767	0.25
Q09472	Q96PU5	0.3333333333333333
Q09472	Q15796	0.5
Q09472	Q9Y3F4	0.2
Q09472	Q9GZV5	0.75
Q09472	Q93008	0.5
Q09472	Q9NYA4	0.2
Q09472	Q14186	1.0
Q09472	Q6ZNA4	0.75
Q09472	Q14188	1.0
Q09472	Q9UNE7	0.2
Q09472	Q13547	0.75
Q09472	Q13485	0.6
O60583	O95405-1	0.2
O60583	P42224-1	0.5
P27361	P42224-1	0.75
O75909	O95405-1	0.2
O75909	P42224-1	0.5
P09958	P42224-1	0.4
P22681	P42224-1	0.25
P36873	P42224-1	0.2
P0CG48	P42224-1	0.42857142857142855
P08123	P42224-1	0.5
P06756	P42224-1	0.25
P24863	P42224-1	0.5
P36897	P42224-1	0.16666666666666666
P28482	P42224-1	0.75
P01137	P42224-1	0.16666666666666666
P09874	P42224-1	1.0
P18084	P42224-1	0.25
P12757	P42224-1	1.0
O00255	O95405-1	0.2
O00255	P42224-1	0.5
P05556	P42224-1	0.25
P18564	P42224-1	0.25
P08047	P42224-1	0.5
P05121	P42224-1	0.5
P12755	P42224-1	1.0
O14980	O95405-1	1.0
O14980	P42224-1	0.2
O60563	O95405-1	0.2
O60563	P42224-1	0.5
P26012	P42224-1	0.25
O75807	O95405-1	1.0
O75807	P42224-1	0.2
P0CG47	P42224-1	0.42857142857142855
O75376	O95405-1	0.2
O75376	P42224-1	1.0
P01106	P42224-1	0.5
P37173	P42224-1	0.16666666666666666
P10600	P42224-1	0.25
P05106	P42224-1	0.25
P35813	P42224-1	1.0
O15105	O95405-1	0.5
O15105	P42224-1	0.5
P17275	P42224-1	0.5
P28749	P42224-1	0.5
O95405-1	Q15583	0.16666666666666666
O95405-1	Q9Y5K5	1.0
O95405-1	Q9HCE7	0.75
O95405-1	P84022	0.5
O95405-1	Q9Y618	0.2
O95405-1	Q03167	0.6666666666666666
O95405-1	Q9HAU4	0.6
O95405-1	P62942	0.5
O95405-1	Q8N2S1	0.6666666666666666
O95405-1	Q9NPB6	0.25
O95405-1	Q969W9	1.0
O95405-1	Q6ZSZ5	0.25
O95405-1	Q9Y4E8	1.0
O95405-1	P27361	0.16666666666666666
O95405-1	P62140	1.0
O95405-1	Q14766	0.6666666666666666
O95405-1	P09958	0.4
O95405-1	Q13573	0.2
O95405-1	P51668	0.2
O95405-1	P61812	0.6666666666666666
O95405-1	P22681	0.6666666666666666
O95405-1	P36873	1.0
O95405-1	P62136	1.0
O95405-1	P0CG48	0.42857142857142855
O95405-1	P08123	0.2
O95405-1	Q9P2M7	0.25
O95405-1	P06756	0.6666666666666666
O95405-1	P61586	0.25
O95405-1	Q9GZN2	0.16666666666666666
O95405-1	P24863	0.2
O95405-1	P67809	0.2
O95405-1	P36897	0.75
O95405-1	Q9UPN9	0.2
O95405-1	P28482	0.16666666666666666
O95405-1	P01137	0.75
O95405-1	P09874	0.2
O95405-1	P18084	0.6666666666666666
O95405-1	P49336	0.2
O95405-1	Q9NS15	0.6666666666666666
O95405-1	Q9UN42	0.2
O95405-1	P12757	0.2
O95405-1	Q15329	0.2
O95405-1	P05556	0.6666666666666666
O95405-1	P18564	0.6666666666666666
O95405-1	P08047	0.2
O95405-1	Q16254	0.2
O95405-1	P05121	0.2
O95405-1	Q13145	1.0
O95405-1	P61077	0.2
O95405-1	Q9Y624	0.25
O95405-1	P62987	0.42857142857142855
O95405-1	P12755	0.2
O95405-1	Q8TEW0	0.25
O95405-1	Q15843	0.6666666666666666
O95405-1	Q14767	0.6666666666666666
O95405-1	Q96PU5	0.6
O95405-1	P26012	0.6666666666666666
O95405-1	P62979	0.42857142857142855
O95405-1	Q15796	0.5
O95405-1	Q9Y3F4	1.0
O95405-1	P53708	0.6666666666666666
O95405-1	P0CG47	0.42857142857142855
O95405-1	P61081	0.6666666666666666
O95405-1	Q05513	0.25
O95405-1	Q9GZV5	0.16666666666666666
O95405-1	P42772	0.2
O95405-1	Q93008	0.2
O95405-1	P01106	0.2
O95405-1	P37173	0.75
O95405-1	P10600	0.6666666666666666
O95405-1	P05106	0.6666666666666666
O95405-1	Q9NYA4	1.0
O95405-1	Q14186	0.2
O95405-1	Q6ZNA4	0.16666666666666666
O95405-1	P35813	0.2
O95405-1	Q14188	0.2
O95405-1	Q9UNE7	1.0
O95405-1	Q13547	0.16666666666666666
O95405-1	P17275	0.2
O95405-1	P50750	0.2
O95405-1	P28749	0.2
O95405-1	Q13485	0.3333333333333333
O95405-1	Q09472	0.2
P42224-1	Q15583	0.75
P42224-1	Q9Y5K5	0.2
P42224-1	Q9HCE7	0.16666666666666666
P42224-1	P84022	0.5
P42224-1	Q9Y618	1.0
P42224-1	Q03167	0.25
P42224-1	Q9HAU4	0.6
P42224-1	P62942	0.2
P42224-1	Q8N2S1	0.25
P42224-1	Q9NPB6	0.25
P42224-1	Q969W9	0.2
P42224-1	Q6ZSZ5	0.25
P42224-1	Q9Y4E8	0.2
P42224-1	P62140	0.2
P42224-1	Q14766	0.25
P42224-1	Q13573	1.0
P42224-1	P51668	1.0
P42224-1	P61812	0.25
P42224-1	P62136	0.2
P42224-1	Q9P2M7	0.25
P42224-1	P61586	0.25
P42224-1	Q9GZN2	0.75
P42224-1	P67809	0.5
P42224-1	Q9UPN9	1.0
P42224-1	P49336	0.5
P42224-1	Q9NS15	0.25
P42224-1	Q9UN42	1.0
P42224-1	Q15329	0.5
P42224-1	Q16254	0.5
P42224-1	Q13145	0.2
P42224-1	P61077	1.0
P42224-1	Q9Y624	0.25
P42224-1	P62987	0.42857142857142855
P42224-1	Q8TEW0	0.25
P42224-1	Q15843	0.25
P42224-1	Q14767	0.25
P42224-1	Q96PU5	0.6
P42224-1	P62979	0.42857142857142855
P42224-1	Q15796	0.5
P42224-1	Q9Y3F4	0.2
P42224-1	P53708	0.25
P42224-1	P61081	0.25
P42224-1	Q05513	0.25
P42224-1	Q9GZV5	0.75
P42224-1	P42772	0.5
P42224-1	Q93008	1.0
P42224-1	Q9NYA4	0.2
P42224-1	Q14186	0.5
P42224-1	Q6ZNA4	0.75
P42224-1	Q14188	0.5
P42224-1	Q9UNE7	0.2
P42224-1	Q13547	0.75
P42224-1	P50750	0.5
P42224-1	Q13485	0.6
P42224-1	Q09472	0.5
O95405-1	P42224-1	0.2
