"entityID","entityName"
"Q03167","TGFBR3"
"Q03167","UniProt:Q03167 TGFBR3"
"P09038","FGF2"
"P09038","FGFB"
"P09038","UniProt:P09038 FGF2"
"O14908","C19orf3"
"O14908","GIPC1"
"O14908","UniProt:O14908 GIPC1"
"O14908","GIPC"
"O14908","RGS19IP1"
"P61812","TGFB2"
"P61812","UniProt:P61812 TGFB2"
"P01137","TGFB"
"P01137","TGFB1"
"P01137","UniProt:P01137 TGFB1"
"P49407","ARR1"
"P49407","UniProt:P49407 ARRB1"
"P49407","ARRB1"
"P32121","ARR2"
"P32121","UniProt:P32121 ARRB2"
"P32121","ARB2"
"P32121","ARRB2"
"P37173","TGFBR2"
"P37173","UniProt:P37173 TGFBR2"
"P08476","UniProt:P08476 INHBA"
"P08476","INHBA"
"P05111","INHA"
"P05111","UniProt:P05111 INHA"
"P27037","UniProt:P27037 ACVR2A"
"P27037","ACVR2A"
"P27037","ACVR2"
"Q9UPQ9","TNRC6B"
"Q9UPQ9","UniProt:Q9UPQ9 TNRC6B"
"Q9UPQ9","KIAA1093"
"Q9HCJ0","TNRC6C"
"Q9HCJ0","KIAA1582"
"Q9HCJ0","UniProt:Q9HCJ0 TNRC6C"
"Q8NDV7","CAGH26"
"Q8NDV7","UniProt:Q8NDV7 TNRC6A"
"Q8NDV7","TNRC6"
"Q8NDV7","TNRC6A"
"Q8NDV7","KIAA1460"
"Q9H9G7","EIF2C3"
"Q9H9G7","AGO3"
"Q9H9G7","UniProt:Q9H9G7 AGO3"
"Q9UL18","AGO1"
"Q9UL18","UniProt:Q9UL18 AGO1"
"Q9UL18","EIF2C1"
"Q9HCK5","AGO4"
"Q9HCK5","UniProt:Q9HCK5 AGO4"
"Q9HCK5","EIF2C4"
"Q9HCK5","KIAA1567"
"Q9HCE1","KIAA1631"
"Q9HCE1","MOV10"
"Q9HCE1","UniProt:Q9HCE1 MOV10"
"Q9UKV8","UniProt:Q9UKV8 AGO2"
"Q9UKV8","AGO2"
"Q9UKV8","EIF2C2"
"P19793","UniProt:P19793 RXRA"
"P19793","RXRA"
"P19793","NR2B1"
"P10276","RARA"
"P10276","NR1B1"
"P10276","UniProt:P10276 RARA"
"P08047","UniProt:P08047 SP1"
"P08047","SP1"
"P08047","TSFP1"
"P15923","BHLHB21"
"P15923","TCF3"
"P15923","UniProt:P15923 TCF3"
"P15923","E2A"
"P15923","ITF1"
"P15884","TCF4"
"P15884","ITF2"
"P15884","SEF2"
"P15884","UniProt:P15884 TCF4"
"P15884","BHLHB19"
"Q99081","HTF4"
"Q99081","TCF12"
"Q99081","HEB"
"Q99081","BHLHB20"
"Q99081","UniProt:Q99081 TCF12"
"P15172","MYF3"
"P15172","MYOD"
"P15172","UniProt:P15172 MYOD1"
"P15172","BHLHC1"
"P15172","MYOD1"
"P23409","BHLHC4"
"P23409","MRF4"
"P23409","MYF6"
"P23409","UniProt:P23409 MYF6"
"P13349","MYF5"
"P13349","BHLHC2"
"P13349","UniProt:P13349 MYF5"
"P15173","BHLHC3"
"P15173","UniProt:P15173 MYOG"
"P15173","MYF4"
"P15173","MYOG"
"Q6ZSZ5","KIAA0521"
"Q6ZSZ5","UniProt:Q6ZSZ5 ARHGEF18"
"Q6ZSZ5","ARHGEF18"
"Q9NPB6","PARD6A"
"Q9NPB6","UniProt:Q9NPB6 PARD6A"
"Q9NPB6","PAR6A"
"Q8TEW0","PAR3A"
"Q8TEW0","UniProt:Q8TEW0 PARD3"
"Q8TEW0","PARD3"
"Q8TEW0","PAR3"
"Q05513","PKC2"
"Q05513","UniProt:Q05513 PRKCZ"
"Q05513","PRKCZ"
"Q9Y624","JCAM"
"Q9Y624","UNQ264/PRO301"
"Q9Y624","UniProt:Q9Y624 F11R"
"Q9Y624","JAM1"
"Q9Y624","F11R"
"Q9P2M7","KIAA1319"
"Q9P2M7","UniProt:Q9P2M7 CGN"
"Q9P2M7","CGN"
"P61586","RHO12"
"P61586","RHOA"
"P61586","UniProt:P61586 RHOA"
"P61586","ARH12"
"P61586","ARHA"
"P36897","UniProt:P36897 TGFBR1"
"P36897","SKR4"
"P36897","TGFBR1"
"P36897","ALK5"
"Q9HCE7","KIAA1625"
"Q9HCE7","SMURF1"
"Q9HCE7","UniProt:Q9HCE7 SMURF1"
"P62942","FKBP12"
"P62942","UniProt:P62942 FKBP1A"
"P62942","FKBP1"
"P62942","FKBP1A"
"P0CG48","UniProt:P0CG48 UBC"
"P0CG48","UBC"
"P0CG47","UBB"
"P0CG47","UniProt:P0CG47 UBB"
"P62987","UniProt:P62987 UBA52"
"P62987","UBCEP2"
"P62987","UBA52"
"P62979","UniProt:P62979 RPS27A"
"P62979","UBCEP1"
"P62979","RPS27A"
"P62979","UBA80"
"P22681","RNF55"
"P22681","CBL"
"P22681","CBL2"
"P22681","UniProt:P22681 CBL"
"Q9NS15","UniProt:Q9NS15 LTBP3"
"Q9NS15","LTBP3"
"Q14766","UniProt:Q14766 LTBP1"
"Q14766","LTBP1"
"P10600","UniProt:P10600 TGFB3"
"P10600","TGFB3"
"Q15796","UniProt:Q15796 SMAD2"
"Q15796","MADR2"
"Q15796","SMAD2"
"Q15796","MADH2"
"P84022","MADH3"
"P84022","UniProt:P84022 SMAD3"
"P84022","SMAD3"
"Q8N2S1","UniProt:Q8N2S1 LTBP4"
"Q8N2S1","LTBP4"
"Q14767","LTBP2"
"Q14767","UniProt:Q14767 LTBP2"
"Q14767","C14orf141"
"Q14767","LTBP3"
"P61081","UniProt:P61081 UBE2M"
"P61081","UBC12"
"P61081","UBE2M"
"Q15843","NEDD8"
"Q15843","UniProt:Q15843 NEDD8"
"O15105","MADH7"
"O15105","SMAD7"
"O15105","UniProt:O15105 SMAD7"
"O15105","MADH8"
"Q9HAU4","SMURF2"
"Q9HAU4","UniProt:Q9HAU4 SMURF2"
"Q96PU5","KIAA0439"
"Q96PU5","NEDD4L"
"Q96PU5","UniProt:Q96PU5 NEDD4L"
"Q96PU5","NEDL3"
"Q9Y4E8","UniProt:Q9Y4E8 USP15"
"Q9Y4E8","USP15"
"Q9Y4E8","KIAA0529"
"Q9Y5K5","CGI-70"
"Q9Y5K5","AD-019"
"Q9Y5K5","UCH37"
"Q9Y5K5","UniProt:Q9Y5K5 UCHL5"
"Q9Y5K5","UCHL5"
"Q9NYA4","MTMR4"
"Q9NYA4","KIAA0647"
"Q9NYA4","ZFYVE11"
"Q9NYA4","UniProt:Q9NYA4 MTMR4"
"Q9Y3F4","UNRIP"
"Q9Y3F4","STRAP"
"Q9Y3F4","MAWD"
"Q9Y3F4","UniProt:Q9Y3F4 STRAP"
"O14980","UniProt:O14980 XPO1"
"O14980","CRM1"
"O14980","XPO1"
"Q13145","UniProt:Q13145 BAMBI"
"Q13145","NMA"
"Q13145","BAMBI"
"Q969W9","PMEPA1"
"Q969W9","UniProt:Q969W9 PMEPA1"
"Q969W9","TMEPAI"
"Q969W9","STAG1"
"Q9UNE7","UniProt:Q9UNE7 STUB1"
"Q9UNE7","PP1131"
"Q9UNE7","STUB1"
"Q9UNE7","CHIP"
"P62136","PPP1CA"
"P62136","UniProt:P62136 PPP1CA"
"P62136","PPP1A"
"P36873","PPP1CC"
"P36873","UniProt:P36873 PPP1CC"
"P62140","PPP1CB"
"P62140","UniProt:P62140 PPP1CB"
"O75807","GADD34"
"O75807","PPP1R15A"
"O75807","UniProt:O75807 PPP1R15A"
"P05106","ITGB3"
"P05106","GP3A"
"P05106","UniProt:P05106 ITGB3"
"P06756","VTNR"
"P06756","UniProt:P06756 ITGAV"
"P06756","ITGAV"
"P06756","VNRA"
"P06756","MSK8"
"P26012","UniProt:P26012 ITGB8"
"P26012","ITGB8"
"P18084","UniProt:P18084 ITGB5"
"P18084","ITGB5"
"P05556","UniProt:P05556 ITGB1"
"P05556","MSK12"
"P05556","FNRB"
"P05556","ITGB1"
"P05556","MDF2"
"P53708","ITGA8"
"P53708","UniProt:P53708 ITGA8"
"P18564","UniProt:P18564 ITGB6"
"P18564","ITGB6"
"Q13485","MADH4"
"Q13485","DPC4"
"Q13485","SMAD4"
"Q13485","UniProt:Q13485 SMAD4"
"Q9GZV5","WWTR1"
"Q9GZV5","UniProt:Q9GZV5 WWTR1"
"Q9GZV5","TAZ"
"Q09472","EP300"
"Q09472","UniProt:Q09472 EP300"
"Q09472","P300"
"Q6ZNA4","UniProt:Q6ZNA4 RNF111"
"Q6ZNA4","RNF111"
"O00255","UniProt:O00255 MEN1"
"O00255","SCG2"
"O00255","MEN1"
"Q15329","UniProt:Q15329 E2F5"
"Q15329","E2F5"
"Q16254","UniProt:Q16254 E2F4"
"Q16254","E2F4"
"Q14186","TFDP1"
"Q14186","DP1"
"Q14186","UniProt:Q14186 TFDP1"
"Q14188","TFDP2"
"Q14188","UniProt:Q14188 TFDP2"
"Q14188","DP2"
"P28749","RBL1"
"P28749","UniProt:P28749 RBL1"
"P67809","UniProt:P67809 YBX1"
"P67809","YBX1"
"P67809","NSEP1"
"P67809","YB1"
"P09958","FUR"
"P09958","UniProt:P09958 FURIN"
"P09958","PCSK3"
"P09958","PACE"
"P09958","FURIN"
"Q93008","FAM"
"Q93008","USP9"
"Q93008","DFFRX"
"Q93008","UniProt:Q93008 USP9X"
"Q93008","USP9X"
"P12757","SKIL"
"P12757","SNO"
"P12757","UniProt:P12757 SKIL"
"P12755","UniProt:P12755 SKI"
"P12755","SKI"
"Q9Y618","CTG26"
"Q9Y618","UniProt:Q9Y618 NCOR2"
"Q9Y618","NCOR2"
"O75376","NCOR1"
"O75376","UniProt:O75376 NCOR1"
"O75376","KIAA1047"
"P09874","PARP1"
"P09874","UniProt:P09874 PARP1"
"P09874","ADPRT"
"P09874","PPOL"
"Q13573","UniProt:Q13573 SNW1"
"Q13573","SKIIP"
"Q13573","SKIP"
"Q13573","SNW1"
"Q9UN42","ATP1B4"
"Q9UN42","UniProt:Q9UN42 ATP1B4"
"P35813","PPPM1A"
"P35813","UniProt:P35813 PPM1A"
"P35813","PPM1A"
"Q13547","UniProt:Q13547 HDAC1"
"Q13547","HDAC1"
"Q13547","RPD3L1"
"Q15583","UniProt:Q15583 TGIF1"
"Q15583","TGIF"
"Q15583","TGIF1"
"Q9GZN2","UniProt:Q9GZN2 TGIF2"
"Q9GZN2","TGIF2"
"Q9UPN9","KIAA1113"
"Q9UPN9","TRIM33"
"Q9UPN9","RFG7"
"Q9UPN9","TIF1G"
"Q9UPN9","UniProt:Q9UPN9 TRIM33"
"Q13705","UniProt:Q13705 ACVR2B"
"Q13705","ACVR2B"
"P09529","INHBB"
"P09529","UniProt:P09529 INHBB"
"Q8NER5","UniProt:Q8NER5 ACVR1C"
"Q8NER5","ACVR1C"
"Q8NER5","ALK7"
"O95633","UNQ674/PRO1308"
"O95633","UniProt:O95633 FSTL3"
"O95633","FSTL3"
"O95633","FLRG"
"P19883","UniProt:P19883 FST"
"P19883","FST"
"P36896","ALK4"
"P36896","ACVRLK4"
"P36896","UniProt:P36896 ACVR1B"
"P36896","ACVR1B"
"O75593","FOXH1"
"O75593","UniProt:O75593 FOXH1"
"O75593","FAST1"
"O75593","FAST2"
"Q7Z3T8","KIAA0305"
"Q7Z3T8","UniProt:Q7Z3T8 ZFYVE16"
"Q7Z3T8","ZFYVE16"
"Q15797","UniProt:Q15797 SMAD1"
"Q15797","MADR1"
"Q15797","BSP1"
"Q15797","SMAD1"
"Q15797","MADH1"
"O15198","UniProt:O15198 SMAD9"
"O15198","MADH9"
"O15198","SMAD8"
"O15198","MADH6"
"O15198","SMAD9"
"Q99717","UniProt:Q99717 SMAD5"
"Q99717","SMAD5"
"Q99717","MADH5"
"Q13873","UniProt:Q13873 BMPR2"
"Q13873","BMPR2"
"Q13873","PPH1"
"P12643","BMP2"
"P12643","BMP2A"
"P12643","UniProt:P12643 BMP2"
"O00238","BMPR1B"
"O00238","UniProt:O00238 BMPR1B"
"P36894","UniProt:P36894 BMPR1A"
"P36894","ACVRLK3"
"P36894","ALK3"
"P36894","BMPR1A"
"P03971","MIF"
"P03971","UniProt:P03971 AMH"
"P03971","AMH"
"Q16671","AMHR"
"Q16671","MISR2"
"Q16671","AMHR2"
"Q16671","UniProt:Q16671 AMHR2"
"O43541","SMAD6"
"O43541","UniProt:O43541 SMAD6"
"O43541","MADH6"
"O95813","CER1"
"O95813","DAND4"
"O95813","UniProt:O95813 CER1"
"Q13253","NOG"
"Q13253","UniProt:Q13253 NOG"
"Q9BU40","CHRDL1"
"Q9BU40","NRLN1"
"Q9BU40","UniProt:Q9BU40 CHRDL1"
"Q9H772","DAND3"
"Q9H772","PRDC"
"Q9H772","GREM2"
"Q9H772","CKTSF1B2"
"Q9H772","UniProt:Q9H772 GREM2"
"Q12841","FRP"
"Q12841","FSTL1"
"Q12841","UniProt:Q12841 FSTL1"
"Q9UK05","UniProt:Q9UK05 GDF2"
"Q9UK05","BMP9"
"Q9UK05","GDF2"
"O95393","UniProt:O95393 BMP10"
"O95393","BMP10"
"P37023","UniProt:P37023 ACVRL1"
"P37023","ACVRLK1"
"P37023","ACVRL1"
"P37023","ALK1"
"P05121","SERPINE1"
"P05121","UniProt:P05121 SERPINE1"
"P05121","PAI1"
"P05121","PLANH1"
"P08123","UniProt:P08123 COL1A2"
"P08123","COL1A2"
"P01106","BHLHE39"
"P01106","MYC"
"P01106","UniProt:P01106 MYC"
"P17275","JUNB"
"P17275","UniProt:P17275 JUNB"
"P42772","MTS2"
"P42772","CDKN2B"
"P42772","UniProt:P42772 CDKN2B"
"Q92542","UniProt:Q92542 NCSTN"
"Q92542","UNQ1874/PRO4317"
"Q92542","NCSTN"
"Q92542","KIAA0253"
"P49810","STM2"
"P49810","PS2"
"P49810","AD4"
"P49810","PSEN2"
"P49810","PSNL2"
"P49810","UniProt:P49810 PSEN2"
"P49768","UniProt:P49768 PSEN1"
"P49768","AD3"
"P49768","PSNL1"
"P49768","PS1"
"P49768","PSEN1"
"Q9NZ42","MDS033"
"Q9NZ42","PEN2"
"Q9NZ42","PSENEN"
"Q9NZ42","UniProt:Q9NZ42 PSENEN"
"Q96BI3","CGI-78"
"Q96BI3","UNQ579/PRO1141"
"Q96BI3","PSF"
"Q96BI3","APH1A"
"Q96BI3","UniProt:Q96BI3 APH1A"
"Q8WW43","UNQ688/PRO1328"
"Q8WW43","APH1B"
"Q8WW43","UniProt:Q8WW43 APH1B"
"Q8WW43","PSFL"
"P51512","MMP16"
"P51512","C8orf57"
"P51512","MMPX2"
"P51512","UniProt:P51512 MMP16"
"P50281","MMP14"
"P50281","UniProt:P50281 MMP14"
"P01033","TIMP1"
"P01033","CLGI"
"P01033","UniProt:P01033 TIMP1"
"P01033","TIMP"
"P16035","TIMP2"
"P16035","UniProt:P16035 TIMP2"
"Q9NRZ9","UniProt:Q9NRZ9 HELLS"
"Q9NRZ9","PASG"
"Q9NRZ9","HELLS"
"Q9NRZ9","SMARCA6"
"Q9NRZ9","Nbla10143"
"Q9BXK1","UniProt:Q9BXK1 KLF16"
"Q9BXK1","NSLP2"
"Q9BXK1","KLF16"
"Q9BXK1","BTEB4"
"P04198","BHLHE37"
"P04198","NMYC"
"P04198","MYCN"
"P04198","UniProt:P04198 MYCN"
"P24863","CCNC"
"P24863","UniProt:P24863 CCNC"
"P49336","UniProt:P49336 CDK8"
"P49336","CDK8"
"O60563","CCNT1"
"O60563","UniProt:O60563 CCNT1"
"O75909","CCNK"
"O75909","CPR4"
"O75909","UniProt:O75909 CCNK"
"O60583","CCNT2"
"O60583","UniProt:O60583 CCNT2"
"P50750","UniProt:P50750 CDK9"
"P50750","CDC2L4"
"P50750","TAK"
"P50750","CDK9"
"P27361","UniProt:P27361 MAPK3"
"P27361","PRKM3"
"P27361","ERK1"
"P27361","MAPK3"
"P28482","PRKM2"
"P28482","MAPK1"
"P28482","ERK2"
"P28482","UniProt:P28482 MAPK1"
"P28482","PRKM1"
"P51668","SFT"
"P51668","UniProt:P51668 UBE2D1"
"P51668","UBE2D1"
"P51668","UBCH5"
"P51668","UBC5A"
"P51668","UBCH5A"
"P61077","UBCH5C"
"P61077","UBC5C"
"P61077","UBE2D3"
"P61077","UniProt:P61077 UBE2D3"
"Q14919","DRAP1"
"Q14919","UniProt:Q14919 DRAP1"
"O95405-1","SARA"
"O95405-1","MADHIP"
"O95405-1","UniProt:O95405-1 ZFYVE9"
"O95405-1","ZFYVE9"
"O95405-1","SMADIP"
"P42224-1","STAT1"
"P42224-1","UniProt:P42224-1 STAT1"