R-HSA-442380,abstraction:IsAComponentOf,R-HSA-435354
R-HSA-435368,abstraction:IsAComponentOf,R-HSA-435354
R-HSA-444411,abstraction:IsAComponentOf,R-HSA-5223345
R-HSA-83936,abstraction:IsAComponentOf,R-HSA-425397
R-HSA-727802,abstraction:IsAComponentOf,R-HSA-425397
R-HSA-804914,abstraction:IsAComponentOf,R-HSA-425397
R-HSA-8963899,abstraction:IsAComponentOf,R-HSA-174824
R-HSA-8963898,abstraction:IsAComponentOf,R-HSA-174824
R-HSA-8964043,abstraction:IsAComponentOf,R-HSA-174824
R-HSA-427652,abstraction:IsAComponentOf,R-HSA-9958790
R-HSA-427601,abstraction:IsAComponentOf,R-HSA-9958790
R-HSA-425381,abstraction:IsAComponentOf,R-HSA-9958790
R-HSA-433137,abstraction:IsAComponentOf,R-HSA-9958790
R-HSA-426117,abstraction:IsAComponentOf,R-HSA-9958790
R-HSA-8949664,abstraction:IsAComponentOf,R-HSA-8949215
R-HSA-936837,abstraction:IsAComponentOf,R-HSA-983712
R-HSA-2672351,abstraction:IsAComponentOf,R-HSA-983712
R-HSA-433692,abstraction:IsAComponentOf,R-HSA-9955298
R-HSA-9958517,abstraction:IsAComponentOf,R-HSA-9955298
R-HSA-561048,abstraction:IsAComponentOf,R-HSA-9955298
R-HSA-428643,abstraction:IsAComponentOf,R-HSA-9955298
R-HSA-879518,abstraction:IsAComponentOf,R-HSA-9955298
R-HSA-1247673,abstraction:IsAComponentOf,R-HSA-1480926
R-HSA-1237044,abstraction:IsAComponentOf,R-HSA-1480926
R-HSA-917977,abstraction:IsAComponentOf,R-HSA-917937
R-HSA-432030,abstraction:IsAComponentOf,R-HSA-445717
R-HSA-432047,abstraction:IsAComponentOf,R-HSA-445717
R-HSA-432040,abstraction:IsAComponentOf,R-HSA-445717
R-HSA-427589,abstraction:IsAComponentOf,R-HSA-427652
R-HSA-352230,abstraction:IsAComponentOf,R-HSA-9958863
R-HSA-428559,abstraction:IsAComponentOf,R-HSA-9958863
R-HSA-8964046,abstraction:IsAComponentOf,R-HSA-8964043
R-HSA-8964011,abstraction:IsAComponentOf,R-HSA-8964043
R-HSA-8866427,abstraction:IsAComponentOf,R-HSA-8964043
R-HSA-8964038,abstraction:IsAComponentOf,R-HSA-8964043
R-HSA-8964026,abstraction:IsAComponentOf,R-HSA-8964043
R-HSA-9958790,abstraction:IsAComponentOf,R-HSA-425407
R-HSA-189200,abstraction:IsAComponentOf,R-HSA-425407
R-HSA-9955298,abstraction:IsAComponentOf,R-HSA-425407
R-HSA-429593,abstraction:IsAComponentOf,R-HSA-425407
R-HSA-425410,abstraction:IsAComponentOf,R-HSA-425407
R-HSA-442660,abstraction:IsAComponentOf,R-HSA-425407
R-HSA-425397,abstraction:IsAComponentOf,R-HSA-425407
R-HSA-9959399,abstraction:IsAComponentOf,R-HSA-425407
R-HSA-9958863,abstraction:IsAComponentOf,R-HSA-425407
R-HSA-549127,abstraction:IsAComponentOf,R-HSA-425407
R-HSA-8964041,abstraction:IsAComponentOf,R-HSA-8963899
R-HSA-8964058,abstraction:IsAComponentOf,R-HSA-8963899
R-HSA-8963901,abstraction:IsAComponentOf,R-HSA-8963899
R-HSA-8963889,abstraction:IsAComponentOf,R-HSA-8963899
R-HSA-3295583,abstraction:IsAComponentOf,R-HSA-2672351
R-HSA-9845576,abstraction:IsAComponentOf,R-HSA-382551
R-HSA-445717,abstraction:IsAComponentOf,R-HSA-382551
R-HSA-917937,abstraction:IsAComponentOf,R-HSA-382551
R-HSA-5223345,abstraction:IsAComponentOf,R-HSA-382551
R-HSA-174824,abstraction:IsAComponentOf,R-HSA-382551
R-HSA-1480926,abstraction:IsAComponentOf,R-HSA-382551
R-HSA-983712,abstraction:IsAComponentOf,R-HSA-382551
R-HSA-8981607,abstraction:IsAComponentOf,R-HSA-382551
R-HSA-8949215,abstraction:IsAComponentOf,R-HSA-382551
R-HSA-382556,abstraction:IsAComponentOf,R-HSA-382551
R-HSA-425407,abstraction:IsAComponentOf,R-HSA-382551
R-HSA-8963896,abstraction:IsAComponentOf,R-HSA-8963898
R-HSA-8963888,abstraction:IsAComponentOf,R-HSA-8963898
R-HSA-8866423,abstraction:IsAComponentOf,R-HSA-8963898
R-HSA-427975,abstraction:IsAComponentOf,R-HSA-9959399
R-HSA-1369007,abstraction:IsAComponentOf,R-HSA-382556
R-HSA-1369062,abstraction:IsAComponentOf,R-HSA-382556
R-HSA-435354,abstraction:IsAComponentOf,R-HSA-425410
R-HSA-425561,abstraction:IsAComponentOf,R-HSA-425410
R-HSA-425986,abstraction:IsAComponentOf,R-HSA-425410
R-HSA-433692,abstraction:NextStepPathway,R-HSA-561048
R-HSA-433692,abstraction:NextStepPathway,R-HSA-428643
R-HSA-8964041,abstraction:NextStepPathway,R-HSA-8964058
R-HSA-9958790,abstraction:NextStepPathway,R-HSA-427601
R-HSA-427601,abstraction:NextStepPathway,R-HSA-425381
R-HSA-8964011,abstraction:NextStepPathway,R-HSA-8963896
R-HSA-8949664,abstraction:NextStepPathway,R-HSA-8949215
R-HSA-425381,abstraction:NextStepPathway,R-HSA-427601
R-HSA-917937,abstraction:NextStepPathway,R-HSA-425410
R-HSA-917937,abstraction:NextStepPathway,R-HSA-917977
R-HSA-442380,abstraction:NextStepPathway,R-HSA-425410
R-HSA-442380,abstraction:NextStepPathway,R-HSA-435368
R-HSA-425410,abstraction:NextStepPathway,R-HSA-917937
R-HSA-8964038,abstraction:NextStepPathway,R-HSA-8963896
R-HSA-8964038,abstraction:NextStepPathway,R-HSA-8964026
R-HSA-8964058,abstraction:NextStepPathway,R-HSA-8964041
R-HSA-561048,abstraction:NextStepPathway,R-HSA-433692
R-HSA-561048,abstraction:NextStepPathway,R-HSA-428643
R-HSA-1369062,abstraction:NextStepPathway,R-HSA-8964058
R-HSA-8963901,abstraction:NextStepPathway,R-HSA-8964026
R-HSA-8963896,abstraction:NextStepPathway,R-HSA-8964058
R-HSA-8963888,abstraction:NextStepPathway,R-HSA-8963901
R-HSA-428643,abstraction:NextStepPathway,R-HSA-433692
R-HSA-428643,abstraction:NextStepPathway,R-HSA-561048
R-HSA-1237044,abstraction:NextStepPathway,R-HSA-1247673
R-HSA-8866423,abstraction:NextStepPathway,R-HSA-8964046
R-HSA-8964026,abstraction:NextStepPathway,R-HSA-8964038
R-HSA-352230,abstraction:NextStepPathway,R-HSA-442660
R-HSA-352230,abstraction:NextStepPathway,R-HSA-428559
R-HSA-8963889,abstraction:NextStepPathway,R-HSA-8963901
