pathwayID,entityID
R-HSA-975634,P02753
R-HSA-975634,P50120
R-HSA-975634,P09455
R-HSA-975634,P02652
R-HSA-975634,P06727
R-HSA-975634,P04114
R-HSA-975634,P02647
R-HSA-975634,P02766
R-HSA-975634,Q9Y625
R-HSA-975634,P18827
R-HSA-975634,P98160
R-HSA-975634,P34741
R-HSA-975634,P35052
R-HSA-975634,O00468
R-HSA-975634,Q8N158
R-HSA-975634,O75056
R-HSA-975634,P78333
R-HSA-975634,P51654
R-HSA-975634,P31431
R-HSA-975634,O75487
R-HSA-975634,P02649
R-HSA-975634,P02655
R-HSA-975634,P02656
R-HSA-975634,O95445
R-HSA-9667769,Q9UGM1
R-HSA-9667769,Q9GZZ6
R-HSA-2514856,P11488
R-HSA-2514856,Q9UMX6
R-HSA-2514856,O95843
R-HSA-2514856,P43080
R-HSA-2514856,P08100
R-HSA-2514856,P0DP23
R-HSA-2514856,P29973
R-HSA-2514856,Q14028
R-HSA-2514856,P62873
R-HSA-2514856,P63211
R-HSA-2514856,Q6ZS82
R-HSA-2514856,P16499
R-HSA-2514856,P35913
R-HSA-2514856,P18545
R-HSA-2514856,P10523
R-HSA-2514856,P35243
R-HSA-2514856,Q15835
R-HSA-2187338,P02753
R-HSA-2187338,P50120
R-HSA-2187338,P09455
R-HSA-2187338,P02652
R-HSA-2187338,P06727
R-HSA-2187338,P04114
R-HSA-2187338,P02647
R-HSA-2187338,P02766
R-HSA-2187338,Q9Y625
R-HSA-2187338,P18827
R-HSA-2187338,P98160
R-HSA-2187338,P34741
R-HSA-2187338,P35052
R-HSA-2187338,O00468
R-HSA-2187338,Q8N158
R-HSA-2187338,O75056
R-HSA-2187338,P78333
R-HSA-2187338,P51654
R-HSA-2187338,P31431
R-HSA-2187338,O75487
R-HSA-2187338,P02649
R-HSA-2187338,P02655
R-HSA-2187338,P02656
R-HSA-2187338,O95445
R-HSA-2187338,P11488
R-HSA-2187338,Q9UMX6
R-HSA-2187338,O95843
R-HSA-2187338,P43080
R-HSA-2187338,P08100
R-HSA-2187338,P0DP23
R-HSA-2187338,P29973
R-HSA-2187338,Q14028
R-HSA-2187338,P62873
R-HSA-2187338,P63211
R-HSA-2187338,Q6ZS82
R-HSA-2187338,P16499
R-HSA-2187338,P35913
R-HSA-2187338,P18545
R-HSA-2187338,P10523
R-HSA-2187338,P35243
R-HSA-2187338,Q15835
R-HSA-2187338,P12271
R-HSA-2187338,P04001
R-HSA-2187338,P03999
R-HSA-2187338,P04000
R-HSA-2187338,Q9BX79
R-HSA-2514859,P11488
R-HSA-2514859,Q9UMX6
R-HSA-2514859,O95843
R-HSA-2514859,P43080
R-HSA-2514859,P08100
R-HSA-2514859,P0DP23
R-HSA-2514859,P29973
R-HSA-2514859,Q14028
R-HSA-2514859,P62873
R-HSA-2514859,P63211
R-HSA-2514859,Q6ZS82
R-HSA-2514859,P16499
R-HSA-2514859,P35913
R-HSA-2514859,P18545
R-HSA-2514859,P10523
R-HSA-2514859,P35243
R-HSA-2514859,Q15835
R-HSA-2485179,P16499
R-HSA-2485179,P35913
R-HSA-2485179,P18545
R-HSA-2485179,P11488
R-HSA-2485179,P08100
R-HSA-2485179,P29973
R-HSA-2485179,Q14028
R-HSA-2485179,P62873
R-HSA-2485179,P63211
R-HSA-9717207,A8MTJ3
R-HSA-9717207,P62873
R-HSA-9717207,P16520
R-HSA-9717207,Q9P2W3
R-HSA-9717207,Q8TE23
R-HSA-9717207,Q7RTX0
R-HSA-9717207,P59538
R-HSA-9717207,P59537
R-HSA-9717207,Q9NYW6
R-HSA-9717207,Q9NYW7
R-HSA-9717207,P59540
R-HSA-9717207,P59535
R-HSA-9717207,Q9NYW2
R-HSA-9717207,P59533
R-HSA-9717207,P59536
R-HSA-9717207,Q9NYW3
R-HSA-9717207,P59543
R-HSA-9717207,P59544
R-HSA-9717207,Q9NYV7
R-HSA-9717207,P59541
R-HSA-9717207,Q9NYW4
R-HSA-9717207,Q9NYV8
R-HSA-9717207,P59534
R-HSA-9717207,Q9NYW0
R-HSA-9717207,Q9NYV9
R-HSA-9717207,Q9NYW5
R-HSA-9717207,Q7RTX1
R-HSA-9717207,Q00722
R-HSA-9717207,Q13255
R-HSA-9717207,Q14573
R-HSA-9717207,Q14833
R-HSA-9717189,A8MTJ3
R-HSA-9717189,P62873
R-HSA-9717189,P16520
R-HSA-9717189,Q9P2W3
R-HSA-9717189,Q8TE23
R-HSA-9717189,Q7RTX0
R-HSA-9717189,P59538
R-HSA-9717189,P59537
R-HSA-9717189,Q9NYW6
R-HSA-9717189,Q9NYW7
R-HSA-9717189,P59540
R-HSA-9717189,P59535
R-HSA-9717189,Q9NYW2
R-HSA-9717189,P59533
R-HSA-9717189,P59536
R-HSA-9717189,Q9NYW3
R-HSA-9717189,P59543
R-HSA-9717189,P59544
R-HSA-9717189,Q9NYV7
R-HSA-9717189,P59541
R-HSA-9717189,Q9NYW4
R-HSA-9717189,Q9NYV8
R-HSA-9717189,P59534
R-HSA-9717189,Q9NYW0
R-HSA-9717189,Q9NYV9
R-HSA-9717189,Q9NYW5
R-HSA-9717189,Q7RTX1
R-HSA-9717189,Q00722
R-HSA-9717189,Q13255
R-HSA-9717189,Q14573
R-HSA-9717189,Q14833
R-HSA-2187335,P12271
R-HSA-2187335,P04001
R-HSA-2187335,P03999
R-HSA-2187335,P04000
R-HSA-9752946,Q5QGT7
R-HSA-9752946,Q8NH67
R-HSA-9752946,Q8NG75
R-HSA-9752946,O76100
R-HSA-9752946,Q8NGE9
R-HSA-9752946,Q9GZK7
R-HSA-9752946,Q8NH18
R-HSA-9752946,Q15622
R-HSA-9752946,Q8NGG5
R-HSA-9752946,Q9H341
R-HSA-9752946,Q8NGG7
R-HSA-9752946,O43749
R-HSA-9752946,Q8NGH5
R-HSA-9752946,Q8NGL1
R-HSA-9752946,Q8NG98
R-HSA-9752946,Q8NGG6
R-HSA-9752946,O60412
R-HSA-9752946,Q8NH55
R-HSA-9752946,Q8NGF1
R-HSA-9752946,Q8NGP2
R-HSA-9752946,Q8NGC9
R-HSA-9752946,Q96R45
R-HSA-9752946,Q8NG81
R-HSA-9752946,Q8N349
R-HSA-9752946,O95371
R-HSA-9752946,Q8NGW6
R-HSA-9752946,Q8NGC2
R-HSA-9752946,O76000
R-HSA-9752946,A6NL26
R-HSA-9752946,O95007
R-HSA-9752946,Q8NGP9
R-HSA-9752946,O95222
R-HSA-9752946,P59025
R-HSA-9752946,Q9UH73
R-HSA-9752946,Q86U70
R-HSA-9752946,P50458
R-HSA-9659379,Q9UGM1
R-HSA-9659379,Q9GZZ6
R-HSA-9659379,P58743
R-HSA-9659379,P60880
R-HSA-9659379,Q16623
R-HSA-9659379,Q9UPA5
R-HSA-9659379,Q9Y6V0
R-HSA-9659379,P17600
R-HSA-9659379,P63027
R-HSA-9659379,P08247
R-HSA-9659379,Q9H3Z4
R-HSA-9659379,Q8NDX2
R-HSA-9659379,Q9HC10
R-HSA-9659379,P20336
R-HSA-381753,P38405
R-HSA-381753,O60266
R-HSA-381753,Q9NQ90
R-HSA-381753,P62873
R-HSA-381753,Q9P2W3
R-HSA-381753,Q9P1Q5
R-HSA-381753,Q8NG99
R-HSA-381753,Q96R54
R-HSA-381753,P58170
R-HSA-381753,Q8NG98
R-HSA-381753,Q8NH87
R-HSA-381753,Q8NGN6
R-HSA-381753,P58180
R-HSA-381753,Q8NGF0
R-HSA-381753,A4D2G3
R-HSA-381753,Q8NGA8
R-HSA-381753,Q8WZ84
R-HSA-381753,Q9UGF5
R-HSA-381753,Q8NGJ5
R-HSA-381753,Q8NGT9
R-HSA-381753,Q8NH00
R-HSA-381753,Q8NGS6
R-HSA-381753,O76001
R-HSA-381753,Q8WZ94
R-HSA-381753,Q96R28
R-HSA-381753,O43869
R-HSA-381753,A6NND4
R-HSA-381753,O60403
R-HSA-381753,Q5JQS5
R-HSA-381753,Q8NGF3
R-HSA-381753,Q15619
R-HSA-381753,O95371
R-HSA-381753,O76002
R-HSA-381753,Q8NHB7
R-HSA-381753,Q9H339
R-HSA-381753,Q8NH51
R-HSA-381753,Q9Y3N9
R-HSA-381753,Q8TCB6
R-HSA-381753,Q8NGA6
R-HSA-381753,P47881
R-HSA-381753,Q8NGY0
R-HSA-381753,Q7Z3T1
R-HSA-381753,O76099
R-HSA-381753,P34982
R-HSA-381753,Q8N349
R-HSA-381753,Q8NHC4
R-HSA-381753,P0C7N1
R-HSA-381753,Q9GZK7
R-HSA-381753,P0C617
R-HSA-381753,Q8NH74
R-HSA-381753,Q8NH05
R-HSA-381753,Q9GZK6
R-HSA-381753,Q9NQN1
R-HSA-381753,Q8NGX9
R-HSA-381753,Q8NGH8
R-HSA-381753,P30953
R-HSA-381753,Q8NGR9
R-HSA-381753,Q8NGC9
R-HSA-381753,Q8NGZ6
R-HSA-381753,Q96R45
R-HSA-381753,Q96R67
R-HSA-381753,Q8NG81
R-HSA-381753,Q9H255
R-HSA-381753,Q8NGC4
R-HSA-381753,Q8NGN3
R-HSA-381753,Q8NGL3
R-HSA-381753,Q13607
R-HSA-381753,Q8NGN2
R-HSA-381753,Q8NGG8
R-HSA-381753,Q8NH43
R-HSA-381753,Q8NGC7
R-HSA-381753,Q5QGT7
R-HSA-381753,Q8NH67
R-HSA-381753,Q8NG75
R-HSA-381753,O76100
R-HSA-381753,Q8NGE9
R-HSA-381753,Q8NH18
R-HSA-381753,Q15622
R-HSA-381753,Q8NGG5
R-HSA-381753,Q9H341
R-HSA-381753,Q8NGG7
R-HSA-381753,O43749
R-HSA-381753,Q8NGH5
R-HSA-381753,Q8NGL1
R-HSA-381753,Q8NGG6
R-HSA-381753,O60412
R-HSA-381753,Q8NH55
R-HSA-381753,Q8NGF1
R-HSA-381753,Q8NGP2
R-HSA-381753,Q8NGW6
R-HSA-381753,Q8NGC2
R-HSA-381753,O76000
R-HSA-381753,A6NL26
R-HSA-381753,O95007
R-HSA-381753,Q8NGP9
R-HSA-381753,O95222
R-HSA-381753,P59025
R-HSA-381753,Q9UH73
R-HSA-381753,Q86U70
R-HSA-381753,P50458
R-HSA-381753,Q8IV77
R-HSA-381753,Q16280
R-HSA-2453902,P12271
R-HSA-2453902,P09455
R-HSA-2453902,P08100
R-HSA-2453902,P02766
R-HSA-2453902,P02753
R-HSA-2453902,Q9BX79
R-HSA-9662361,Q9UGM1
R-HSA-9662361,Q9GZZ6
R-HSA-9662361,P58743
R-HSA-9709957,P02753
R-HSA-9709957,P50120
R-HSA-9709957,P09455
R-HSA-9709957,P02652
R-HSA-9709957,P06727
R-HSA-9709957,P04114
R-HSA-9709957,P02647
R-HSA-9709957,P02766
R-HSA-9709957,Q9Y625
R-HSA-9709957,P18827
R-HSA-9709957,P98160
R-HSA-9709957,P34741
R-HSA-9709957,P35052
R-HSA-9709957,O00468
R-HSA-9709957,Q8N158
R-HSA-9709957,O75056
R-HSA-9709957,P78333
R-HSA-9709957,P51654
R-HSA-9709957,P31431
R-HSA-9709957,O75487
R-HSA-9709957,P02649
R-HSA-9709957,P02655
R-HSA-9709957,P02656
R-HSA-9709957,O95445
R-HSA-9709957,P11488
R-HSA-9709957,Q9UMX6
R-HSA-9709957,O95843
R-HSA-9709957,P43080
R-HSA-9709957,P08100
R-HSA-9709957,P0DP23
R-HSA-9709957,P29973
R-HSA-9709957,Q14028
R-HSA-9709957,P62873
R-HSA-9709957,P63211
R-HSA-9709957,Q6ZS82
R-HSA-9709957,P16499
R-HSA-9709957,P35913
R-HSA-9709957,P18545
R-HSA-9709957,P10523
R-HSA-9709957,P35243
R-HSA-9709957,Q15835
R-HSA-9709957,P12271
R-HSA-9709957,P04001
R-HSA-9709957,P03999
R-HSA-9709957,P04000
R-HSA-9709957,Q9BX79
R-HSA-9709957,A8MTJ3
R-HSA-9709957,P16520
R-HSA-9709957,Q9P2W3
R-HSA-9709957,Q8TE23
R-HSA-9709957,Q7RTX0
R-HSA-9709957,P59538
R-HSA-9709957,P59537
R-HSA-9709957,Q9NYW6
R-HSA-9709957,Q9NYW7
R-HSA-9709957,P59540
R-HSA-9709957,P59535
R-HSA-9709957,Q9NYW2
R-HSA-9709957,P59533
R-HSA-9709957,P59536
R-HSA-9709957,Q9NYW3
R-HSA-9709957,P59543
R-HSA-9709957,P59544
R-HSA-9709957,Q9NYV7
R-HSA-9709957,P59541
R-HSA-9709957,Q9NYW4
R-HSA-9709957,Q9NYV8
R-HSA-9709957,P59534
R-HSA-9709957,Q9NYW0
R-HSA-9709957,Q9NYV9
R-HSA-9709957,Q9NYW5
R-HSA-9709957,Q7RTX1
R-HSA-9709957,Q00722
R-HSA-9709957,Q13255
R-HSA-9709957,Q14573
R-HSA-9709957,Q14833
R-HSA-9709957,Q9UGM1
R-HSA-9709957,Q9GZZ6
R-HSA-9709957,P58743
R-HSA-9709957,P60880
R-HSA-9709957,Q16623
R-HSA-9709957,Q9UPA5
R-HSA-9709957,Q9Y6V0
R-HSA-9709957,P17600
R-HSA-9709957,P63027
R-HSA-9709957,P08247
R-HSA-9709957,Q9H3Z4
R-HSA-9709957,Q8NDX2
R-HSA-9709957,Q9HC10
R-HSA-9709957,P20336
R-HSA-9709957,P38405
R-HSA-9709957,O60266
R-HSA-9709957,Q9NQ90
R-HSA-9709957,Q9P1Q5
R-HSA-9709957,Q8NG99
R-HSA-9709957,Q96R54
R-HSA-9709957,P58170
R-HSA-9709957,Q8NG98
R-HSA-9709957,Q8NH87
R-HSA-9709957,Q8NGN6
R-HSA-9709957,P58180
R-HSA-9709957,Q8NGF0
R-HSA-9709957,A4D2G3
R-HSA-9709957,Q8NGA8
R-HSA-9709957,Q8WZ84
R-HSA-9709957,Q9UGF5
R-HSA-9709957,Q8NGJ5
R-HSA-9709957,Q8NGT9
R-HSA-9709957,Q8NH00
R-HSA-9709957,Q8NGS6
R-HSA-9709957,O76001
R-HSA-9709957,Q8WZ94
R-HSA-9709957,Q96R28
R-HSA-9709957,O43869
R-HSA-9709957,A6NND4
R-HSA-9709957,O60403
R-HSA-9709957,Q5JQS5
R-HSA-9709957,Q8NGF3
R-HSA-9709957,Q15619
R-HSA-9709957,O95371
R-HSA-9709957,O76002
R-HSA-9709957,Q8NHB7
R-HSA-9709957,Q9H339
R-HSA-9709957,Q8NH51
R-HSA-9709957,Q9Y3N9
R-HSA-9709957,Q8TCB6
R-HSA-9709957,Q8NGA6
R-HSA-9709957,P47881
R-HSA-9709957,Q8NGY0
R-HSA-9709957,Q7Z3T1
R-HSA-9709957,O76099
R-HSA-9709957,P34982
R-HSA-9709957,Q8N349
R-HSA-9709957,Q8NHC4
R-HSA-9709957,P0C7N1
R-HSA-9709957,Q9GZK7
R-HSA-9709957,P0C617
R-HSA-9709957,Q8NH74
R-HSA-9709957,Q8NH05
R-HSA-9709957,Q9GZK6
R-HSA-9709957,Q9NQN1
R-HSA-9709957,Q8NGX9
R-HSA-9709957,Q8NGH8
R-HSA-9709957,P30953
R-HSA-9709957,Q8NGR9
R-HSA-9709957,Q8NGC9
R-HSA-9709957,Q8NGZ6
R-HSA-9709957,Q96R45
R-HSA-9709957,Q96R67
R-HSA-9709957,Q8NG81
R-HSA-9709957,Q9H255
R-HSA-9709957,Q8NGC4
R-HSA-9709957,Q8NGN3
R-HSA-9709957,Q8NGL3
R-HSA-9709957,Q13607
R-HSA-9709957,Q8NGN2
R-HSA-9709957,Q8NGG8
R-HSA-9709957,Q8NH43
R-HSA-9709957,Q8NGC7
R-HSA-9709957,Q5QGT7
R-HSA-9709957,Q8NH67
R-HSA-9709957,Q8NG75
R-HSA-9709957,O76100
R-HSA-9709957,Q8NGE9
R-HSA-9709957,Q8NH18
R-HSA-9709957,Q15622
R-HSA-9709957,Q8NGG5
R-HSA-9709957,Q9H341
R-HSA-9709957,Q8NGG7
R-HSA-9709957,O43749
R-HSA-9709957,Q8NGH5
R-HSA-9709957,Q8NGL1
R-HSA-9709957,Q8NGG6
R-HSA-9709957,O60412
R-HSA-9709957,Q8NH55
R-HSA-9709957,Q8NGF1
R-HSA-9709957,Q8NGP2
R-HSA-9709957,Q8NGW6
R-HSA-9709957,Q8NGC2
R-HSA-9709957,O76000
R-HSA-9709957,A6NL26
R-HSA-9709957,O95007
R-HSA-9709957,Q8NGP9
R-HSA-9709957,O95222
R-HSA-9709957,P59025
R-HSA-9709957,Q9UH73
R-HSA-9709957,Q86U70
R-HSA-9709957,P50458
R-HSA-9709957,Q8IV77
R-HSA-9709957,Q16280
R-HSA-9662360,P60880
R-HSA-9662360,Q16623
R-HSA-9662360,Q9UPA5
R-HSA-9662360,Q9Y6V0
R-HSA-9662360,P17600
R-HSA-9662360,P63027
R-HSA-9662360,P08247
R-HSA-9662360,Q9H3Z4
R-HSA-9662360,Q8NDX2
R-HSA-9662360,Q9HC10
R-HSA-9662360,P20336
R-HSA-9752946,O60431
R-HSA-9752946,Q8NG94
R-HSA-9752946,O95047
R-HSA-9752946,Q8NGT5
R-HSA-9752946,O76002
R-HSA-9752946,Q8NGS4
R-HSA-9752946,Q8NGU4
R-HSA-9752946,Q8NGX6
R-HSA-9752946,Q8NGI7
R-HSA-9752946,Q8NGL7
R-HSA-9752946,Q8NGF8
R-HSA-9752946,Q8NH74
R-HSA-9752946,Q8NGA0
R-HSA-9752946,A6NIJ9
R-HSA-9752946,Q8NGZ6
R-HSA-9752946,Q8NGJ6
R-HSA-9752946,Q8NGL9
R-HSA-9752946,Q8NGN8
R-HSA-9752946,Q8NH92
R-HSA-9752946,Q8NGT2
R-HSA-9752946,Q6IFH4
R-HSA-9752946,Q7Z3T1
R-HSA-9752946,A6NH00
R-HSA-9752946,P0C646
R-HSA-9752946,Q8NGI4
R-HSA-9752946,Q9UGF6
R-HSA-9752946,P47881
R-HSA-9752946,Q8NH02
R-HSA-9752946,P58180
R-HSA-9752946,A6NMU1
R-HSA-9752946,Q8NGN3
R-HSA-9752946,Q13607
R-HSA-9752946,P58170
R-HSA-9752946,A3KFT3
R-HSA-9752946,Q8NH08
R-HSA-9752946,Q8NGY9
R-HSA-9752946,Q8NG85
R-HSA-9752946,Q9H344
R-HSA-9752946,Q96R47
R-HSA-9752946,P0C626
R-HSA-9752946,Q9Y4A9
R-HSA-9752946,Q8NG97
R-HSA-9752946,Q8NGG8
R-HSA-9752946,Q96RB7
R-HSA-9752946,Q8NGU2
R-HSA-9752946,Q8NGS5
R-HSA-9752946,Q8NGD2
R-HSA-9752946,O43869
R-HSA-9752946,Q8NGD0
R-HSA-9752946,O95006
R-HSA-9752946,Q8NGA5
R-HSA-9752946,Q8NGT7
R-HSA-9752946,Q8NGB4
R-HSA-9752946,Q8NGJ7
R-HSA-9752946,Q9H205
R-HSA-9752946,Q8NGS1
R-HSA-9752946,Q8NHA4
R-HSA-9752946,Q8NGI2
R-HSA-9752946,Q8NGC8
R-HSA-9752946,O95221
R-HSA-9752946,Q8NGD5
R-HSA-9752946,A6NF89
R-HSA-9752946,Q6IFN5
R-HSA-9752946,Q8NGB6
R-HSA-9752946,Q8NGY2
R-HSA-9752946,P0C7T3
R-HSA-9752946,Q8NGH9
R-HSA-9752946,Q96RC9
R-HSA-9752946,Q8NHB7
R-HSA-9752946,P58173
R-HSA-9752946,Q6IF36
R-HSA-9752946,P0C628
R-HSA-9752946,Q6IF63
R-HSA-9752946,Q8NGH8
R-HSA-9752946,Q8NGI8
R-HSA-9752946,A6NGY5
R-HSA-9752946,Q8NGX1
R-HSA-9752946,Q8NGB2
R-HSA-9752946,Q8N162
R-HSA-9752946,Q8NH42
R-HSA-9752946,Q5JQS5
R-HSA-9752946,Q8NGX3
R-HSA-9752946,Q8NHC8
R-HSA-9752946,O76001
R-HSA-9752946,P0C645
R-HSA-9752946,Q8NH10
R-HSA-9752946,Q9Y5P1
R-HSA-9752946,Q8NGX9
R-HSA-9752946,Q96RD3
R-HSA-9752946,Q8NGN1
R-HSA-9752946,Q8NH09
R-HSA-9752946,P0C7N8
R-HSA-9752946,Q15619
R-HSA-9752946,P58181
R-HSA-9752946,Q8NGS7
R-HSA-9752946,A6NM76
R-HSA-9752946,Q8NGG0
R-HSA-9752946,Q8NGK3
R-HSA-9752946,A6NDL8
R-HSA-9752946,Q8NGI6
R-HSA-9752946,Q8NGL0
R-HSA-9752946,Q6IEY1
R-HSA-9752946,Q9UGF7
R-HSA-9752946,Q8WZ94
R-HSA-9752946,Q8NH48
R-HSA-9752946,Q8NGN0
R-HSA-9752946,Q6IEZ7
R-HSA-9752946,P47893
R-HSA-9752946,A6NND4
R-HSA-9752946,Q6IF82
R-HSA-9752946,Q8NGQ2
R-HSA-9752946,Q8NHC4
R-HSA-9752946,Q8NH73
R-HSA-9752946,Q8NGL4
R-HSA-9752946,Q9H208
R-HSA-9752946,Q9H343
R-HSA-9752946,Q8TCB6
R-HSA-9752946,Q8NGS8
R-HSA-9752946,P0C7N5
R-HSA-9752946,Q8NH60
R-HSA-9752946,Q9H342
R-HSA-9752946,Q8NGV7
R-HSA-9752946,O95918
R-HSA-9752946,Q8NGN2
R-HSA-9752946,Q96R08
R-HSA-9752946,Q9H255
R-HSA-9752946,Q6IF99
R-HSA-9752946,Q8NH81
R-HSA-9752946,Q8NGJ4
R-HSA-9752946,Q8NGS6
R-HSA-9752946,Q8NGZ2
R-HSA-9752946,Q8NH93
R-HSA-9752946,P30953
R-HSA-9752946,Q8WZ92
R-HSA-9752946,Q8NGH3
R-HSA-9752946,Q96R27
R-HSA-9752946,Q8NGJ9
R-HSA-9752946,P0C7T2
R-HSA-9752946,A6NKK0
R-HSA-9752946,Q8NGR9
R-HSA-9752946,Q8NGJ3
R-HSA-9752946,Q9Y3N9
R-HSA-9752946,Q8NGK6
R-HSA-9752946,P34982
R-HSA-9752946,Q8NGR4
R-HSA-9752946,Q8NHC5
R-HSA-9752946,Q8NH16
R-HSA-9752946,Q9NQN1
R-HSA-9752946,Q8NGC7
R-HSA-9752946,A6NM03
R-HSA-9752946,Q8NH41
R-HSA-9752946,Q8NGY1
R-HSA-9752946,P47890
R-HSA-9752946,Q8NGH6
R-HSA-9752946,Q8NGX8
R-HSA-9752946,Q15615
R-HSA-9752946,Q8NGI3
R-HSA-9752946,Q8NGI9
R-HSA-9752946,Q9UKL2
R-HSA-9752946,Q96R72
R-HSA-9752946,Q8NGI0
R-HSA-9752946,Q8NGT9
R-HSA-9752946,Q96R48
R-HSA-9752946,Q8NGQ6
R-HSA-9752946,Q8NH04
R-HSA-9752946,P30954
R-HSA-9752946,Q96R69
R-HSA-9752946,O60403
R-HSA-9752946,P58182
R-HSA-9752946,Q15620
R-HSA-9752946,Q8NGY3
R-HSA-9752946,Q8NGC3
R-HSA-9752946,Q9H339
R-HSA-9752946,Q15617
R-HSA-9752946,Q8NGG2
R-HSA-9752946,Q8NGR6
R-HSA-9752946,Q5TZ20
R-HSA-9752946,Q8NGJ5
R-HSA-9752946,Q8NGD4
R-HSA-9752946,Q9GZK4
R-HSA-9752946,A6NHA9
R-HSA-9752946,Q8NGP4
R-HSA-9752946,Q8N146
R-HSA-9752946,Q8NH53
R-HSA-9752946,Q8NGA2
R-HSA-9752946,Q8NGR3
R-HSA-9752946,Q9H346
R-HSA-9752946,Q8NGE2
R-HSA-9752946,Q6IF00
R-HSA-9752946,Q8NGM8
R-HSA-9752946,A6NMS3
R-HSA-9752946,Q8NH49
R-HSA-9752946,Q8NGJ1
R-HSA-9752946,Q8NH00
R-HSA-9752946,Q8NG76
R-HSA-9752946,A6NMZ5
R-HSA-9752946,A6NHG9
R-HSA-9752946,Q8NH85
R-HSA-9752946,P0C7N1
R-HSA-9752946,Q8NGR5
R-HSA-9752946,Q8NGE1
R-HSA-9752946,Q8NGK5
R-HSA-9752946,Q9Y585
R-HSA-9752946,Q8NH79
R-HSA-9752946,Q8NGX5
R-HSA-9752946,O60404
R-HSA-9752946,Q8NGN5
R-HSA-9752946,Q8NH50
R-HSA-9752946,P47888
R-HSA-9752946,Q8NGV6
R-HSA-9752946,Q8NH80
R-HSA-9752946,Q8NGS0
R-HSA-9752946,Q8NH70
R-HSA-9752946,Q8NGF3
R-HSA-9752946,P0C629
R-HSA-9752946,Q8NG95
R-HSA-9752946,Q8NGS9
R-HSA-9752946,O76099
R-HSA-9752946,Q8NGP6
R-HSA-9752946,Q8IXE1
R-HSA-9752946,Q8NGP8
R-HSA-9752946,Q8NGK4
R-HSA-9752946,Q8NGB8
R-HSA-9752946,Q8NGY0
R-HSA-9752946,Q8NG83
R-HSA-9752946,Q8NHA8
R-HSA-9752946,Q96RD0
R-HSA-9752946,Q8NH94
R-HSA-9752946,Q9H2C8
R-HSA-9752946,Q8NGB9
R-HSA-9752946,Q96R09
R-HSA-9752946,Q9UGF5
R-HSA-9752946,Q8NH69
R-HSA-9752946,Q8NGC6
R-HSA-9752946,Q9NZP2
R-HSA-9752946,Q8NGW1
R-HSA-9752946,Q8NGA8
R-HSA-9752946,Q8NG78
R-HSA-9752946,Q8N0Y5
R-HSA-9752946,Q8NGK1
R-HSA-9752946,Q8NGJ0
R-HSA-9752946,A6NCV1
R-HSA-9752946,Q8NGM9
R-HSA-9752946,Q8WZ84
R-HSA-9752946,Q8NGJ8
R-HSA-9752946,Q9NZP5
R-HSA-9752946,P47884
R-HSA-9752946,Q8NGY5
R-HSA-9752946,Q8NH63
R-HSA-9752946,Q8N0Y3
R-HSA-9752946,Q8NGJ2
R-HSA-9752946,Q8NH40
R-HSA-9752946,Q8NGG3
R-HSA-9752946,Q8NH72
R-HSA-9752946,Q8NH01
R-HSA-9752946,Q8NGF4
R-HSA-9752946,Q96R67
R-HSA-9752946,Q8N148
R-HSA-9752946,Q8NGV5
R-HSA-9752946,Q6IEV9
R-HSA-9752946,Q8NGE3
R-HSA-9752946,O14581
R-HSA-9752946,A6ND48
R-HSA-9752946,Q96R30
R-HSA-9752946,Q8NH06
R-HSA-9752946,Q8NGE0
R-HSA-9752946,Q8NG92
R-HSA-9752946,Q8NGR1
R-HSA-9752946,Q8NGN6
R-HSA-9752946,Q9GZK3
R-HSA-9752946,Q8NGZ4
R-HSA-9752946,Q8NGD3
R-HSA-9752946,Q8NGX0
R-HSA-9752946,A6NFC9
R-HSA-9752946,A6NDH6
R-HSA-9752946,Q9NZP0
R-HSA-9752946,A6NET4
R-HSA-9752946,Q8NGK9
R-HSA-9752946,Q8N628
R-HSA-9752946,Q8NGE7
R-HSA-9752946,P47887
R-HSA-9752946,Q8NGC1
R-HSA-9752946,Q8NH07
R-HSA-9752946,Q9P1Q5
R-HSA-9752946,Q8NH03
R-HSA-9752946,Q8NH64
R-HSA-9752946,Q8NGC5
R-HSA-9752946,Q8NG77
R-HSA-9752946,Q8NG80
R-HSA-9752946,Q8NGZ3
R-HSA-9752946,Q8NGQ4
R-HSA-9752946,Q8NH56
R-HSA-9752946,Q8NH37
R-HSA-9752946,A4D2G3
R-HSA-9752946,Q8NGF0
R-HSA-9752946,Q8NGG1
R-HSA-9752946,Q9H340
R-HSA-9752946,Q5JRS4
R-HSA-9752946,Q9H207
R-HSA-9752946,Q8NGL2
R-HSA-9752946,Q8NGE5
R-HSA-9752946,Q8NGZ0
R-HSA-9752946,Q8NGX2
R-HSA-9752946,Q9GZK6
R-HSA-9752946,Q8NGZ5
R-HSA-9752946,Q8NG84
R-HSA-9752946,Q96KK4
R-HSA-9752946,Q8NGZ9
R-HSA-9752946,Q8NHC7
R-HSA-9752946,P0C604
R-HSA-9752946,Q6IF42
R-HSA-9752946,Q15612
R-HSA-9752946,P0C623
R-HSA-9752946,Q8NGP3
R-HSA-9752946,Q8NGM1
R-HSA-9752946,Q13606
R-HSA-9752946,Q8NGQ5
R-HSA-9752946,Q6IEU7
R-HSA-9752946,Q8NH51
R-HSA-9752946,Q8NGR2
R-HSA-9752946,Q8NGA6
R-HSA-9752946,Q8NGA1
R-HSA-9752946,Q8NGL6
R-HSA-9752946,Q8WZA6
R-HSA-9752946,Q8NGS3
R-HSA-9752946,Q8NGF6
R-HSA-9752946,Q8NGG4
R-HSA-9752946,Q8NH83
R-HSA-9752946,Q8NH87
R-HSA-9752946,P0C617
R-HSA-9752946,Q8NGN4
R-HSA-9752946,Q8NGS2
R-HSA-9752946,Q8NGP0
R-HSA-9752946,Q8N127
R-HSA-9752946,Q96R54
R-HSA-9752946,Q8NGT1
R-HSA-9752946,O95013
R-HSA-9752946,Q6IFG1
R-HSA-9752946,Q8NH21
R-HSA-9752946,Q8NGH7
R-HSA-9752946,Q8NH90
R-HSA-9752946,Q8NH43
R-HSA-9752946,Q8NGC0
R-HSA-9752946,Q8NH76
R-HSA-9752946,Q8NGF9
R-HSA-9752946,Q8NH05
R-HSA-9752946,Q9Y5P0
R-HSA-9752946,Q96R28
R-HSA-9752946,Q8NH54
R-HSA-9752946,Q8NGR8
R-HSA-9752946,Q8NGK0
R-HSA-9752946,Q8NGC4
R-HSA-9752946,Q8NHB8
R-HSA-9752946,Q8NGY6
R-HSA-9752946,Q8NH19
R-HSA-9752946,Q9H210
R-HSA-9752946,Q9GZM6
R-HSA-9752946,Q8NGQ1
R-HSA-9752946,Q8NGE8
R-HSA-9752946,Q8NGV0
R-HSA-9752946,Q96RD2
R-HSA-9752946,Q8NH61
R-HSA-9752946,Q8NGT0
R-HSA-9752946,Q8NGQ3
R-HSA-9752946,Q96RD1
R-HSA-9752946,Q8NGD1
R-HSA-9752946,A6NL08
R-HSA-9752946,Q8NGL3
R-HSA-9752946,A6NJZ3
R-HSA-9752946,Q9H2C5
R-HSA-9752946,Q8NG99
R-HSA-9752946,Q9H209
R-HSA-9752946,Q8NHB1
R-HSA-9752946,Q96RA2
R-HSA-9752946,Q8NGF7
R-HSA-9752946,Q8NH59
R-HSA-381753,O60431
R-HSA-381753,Q8NG94
R-HSA-381753,O95047
R-HSA-381753,Q8NGT5
R-HSA-381753,Q8NGS4
R-HSA-381753,Q8NGU4
R-HSA-381753,Q8NGX6
R-HSA-381753,Q8NGI7
R-HSA-381753,Q8NGL7
R-HSA-381753,Q8NGF8
R-HSA-381753,Q8NGA0
R-HSA-381753,A6NIJ9
R-HSA-381753,Q8NGJ6
R-HSA-381753,Q8NGL9
R-HSA-381753,Q8NGN8
R-HSA-381753,Q8NH92
R-HSA-381753,Q8NGT2
R-HSA-381753,Q6IFH4
R-HSA-381753,A6NH00
R-HSA-381753,P0C646
R-HSA-381753,Q8NGI4
R-HSA-381753,Q9UGF6
R-HSA-381753,Q8NH02
R-HSA-381753,A6NMU1
R-HSA-381753,A3KFT3
R-HSA-381753,Q8NH08
R-HSA-381753,Q8NGY9
R-HSA-381753,Q8NG85
R-HSA-381753,Q9H344
R-HSA-381753,Q96R47
R-HSA-381753,P0C626
R-HSA-381753,Q9Y4A9
R-HSA-381753,Q8NG97
R-HSA-381753,Q96RB7
R-HSA-381753,Q8NGU2
R-HSA-381753,Q8NGS5
R-HSA-381753,Q8NGD2
R-HSA-381753,Q8NGD0
R-HSA-381753,O95006
R-HSA-381753,Q8NGA5
R-HSA-381753,Q8NGT7
R-HSA-381753,Q8NGB4
R-HSA-381753,Q8NGJ7
R-HSA-381753,Q9H205
R-HSA-381753,Q8NGS1
R-HSA-381753,Q8NHA4
R-HSA-381753,Q8NGI2
R-HSA-381753,Q8NGC8
R-HSA-381753,O95221
R-HSA-381753,Q8NGD5
R-HSA-381753,A6NF89
R-HSA-381753,Q6IFN5
R-HSA-381753,Q8NGB6
R-HSA-381753,Q8NGY2
R-HSA-381753,P0C7T3
R-HSA-381753,Q8NGH9
R-HSA-381753,Q96RC9
R-HSA-381753,P58173
R-HSA-381753,Q6IF36
R-HSA-381753,P0C628
R-HSA-381753,Q6IF63
R-HSA-381753,Q8NGI8
R-HSA-381753,A6NGY5
R-HSA-381753,Q8NGX1
R-HSA-381753,Q8NGB2
R-HSA-381753,Q8N162
R-HSA-381753,Q8NH42
R-HSA-381753,Q8NGX3
R-HSA-381753,Q8NHC8
R-HSA-381753,P0C645
R-HSA-381753,Q8NH10
R-HSA-381753,Q9Y5P1
R-HSA-381753,Q96RD3
R-HSA-381753,Q8NGN1
R-HSA-381753,Q8NH09
R-HSA-381753,P0C7N8
R-HSA-381753,P58181
R-HSA-381753,Q8NGS7
R-HSA-381753,A6NM76
R-HSA-381753,Q8NGG0
R-HSA-381753,Q8NGK3
R-HSA-381753,A6NDL8
R-HSA-381753,Q8NGI6
R-HSA-381753,Q8NGL0
R-HSA-381753,Q6IEY1
R-HSA-381753,Q9UGF7
R-HSA-381753,Q8NH48
R-HSA-381753,Q8NGN0
R-HSA-381753,Q6IEZ7
R-HSA-381753,P47893
R-HSA-381753,Q6IF82
R-HSA-381753,Q8NGQ2
R-HSA-381753,Q8NH73
R-HSA-381753,Q8NGL4
R-HSA-381753,Q9H208
R-HSA-381753,Q9H343
R-HSA-381753,Q8NGS8
R-HSA-381753,P0C7N5
R-HSA-381753,Q8NH60
R-HSA-381753,Q9H342
R-HSA-381753,Q8NGV7
R-HSA-381753,O95918
R-HSA-381753,Q96R08
R-HSA-381753,Q6IF99
R-HSA-381753,Q8NH81
R-HSA-381753,Q8NGJ4
R-HSA-381753,Q8NGZ2
R-HSA-381753,Q8NH93
R-HSA-381753,Q8WZ92
R-HSA-381753,Q8NGH3
R-HSA-381753,Q96R27
R-HSA-381753,Q8NGJ9
R-HSA-381753,P0C7T2
R-HSA-381753,A6NKK0
R-HSA-381753,Q8NGJ3
R-HSA-381753,Q8NGK6
R-HSA-381753,Q8NGR4
R-HSA-381753,Q8NHC5
R-HSA-381753,Q8NH16
R-HSA-381753,A6NM03
R-HSA-381753,Q8NH41
R-HSA-381753,Q8NGY1
R-HSA-381753,P47890
R-HSA-381753,Q8NGH6
R-HSA-381753,Q8NGX8
R-HSA-381753,Q15615
R-HSA-381753,Q8NGI3
R-HSA-381753,Q8NGI9
R-HSA-381753,Q9UKL2
R-HSA-381753,Q96R72
R-HSA-381753,Q8NGI0
R-HSA-381753,Q96R48
R-HSA-381753,Q8NGQ6
R-HSA-381753,Q8NH04
R-HSA-381753,P30954
R-HSA-381753,Q96R69
R-HSA-381753,P58182
R-HSA-381753,Q15620
R-HSA-381753,Q8NGY3
R-HSA-381753,Q8NGC3
R-HSA-381753,Q15617
R-HSA-381753,Q8NGG2
R-HSA-381753,Q8NGR6
R-HSA-381753,Q5TZ20
R-HSA-381753,Q8NGD4
R-HSA-381753,Q9GZK4
R-HSA-381753,A6NHA9
R-HSA-381753,Q8NGP4
R-HSA-381753,Q8N146
R-HSA-381753,Q8NH53
R-HSA-381753,Q8NGA2
R-HSA-381753,Q8NGR3
R-HSA-381753,Q9H346
R-HSA-381753,Q8NGE2
R-HSA-381753,Q6IF00
R-HSA-381753,Q8NGM8
R-HSA-381753,A6NMS3
R-HSA-381753,Q8NH49
R-HSA-381753,Q8NGJ1
R-HSA-381753,Q8NG76
R-HSA-381753,A6NMZ5
R-HSA-381753,A6NHG9
R-HSA-381753,Q8NH85
R-HSA-381753,Q8NGR5
R-HSA-381753,Q8NGE1
R-HSA-381753,Q8NGK5
R-HSA-381753,Q9Y585
R-HSA-381753,Q8NH79
R-HSA-381753,Q8NGX5
R-HSA-381753,O60404
R-HSA-381753,Q8NGN5
R-HSA-381753,Q8NH50
R-HSA-381753,P47888
R-HSA-381753,Q8NGV6
R-HSA-381753,Q8NH80
R-HSA-381753,Q8NGS0
R-HSA-381753,Q8NH70
R-HSA-381753,P0C629
R-HSA-381753,Q8NG95
R-HSA-381753,Q8NGS9
R-HSA-381753,Q8NGP6
R-HSA-381753,Q8IXE1
R-HSA-381753,Q8NGP8
R-HSA-381753,Q8NGK4
R-HSA-381753,Q8NGB8
R-HSA-381753,Q8NG83
R-HSA-381753,Q8NHA8
R-HSA-381753,Q96RD0
R-HSA-381753,Q8NH94
R-HSA-381753,Q9H2C8
R-HSA-381753,Q8NGB9
R-HSA-381753,Q96R09
R-HSA-381753,Q8NH69
R-HSA-381753,Q8NGC6
R-HSA-381753,Q9NZP2
R-HSA-381753,Q8NGW1
R-HSA-381753,Q8NG78
R-HSA-381753,Q8N0Y5
R-HSA-381753,Q8NGK1
R-HSA-381753,Q8NGJ0
R-HSA-381753,A6NCV1
R-HSA-381753,Q8NGM9
R-HSA-381753,Q8NGJ8
R-HSA-381753,Q9NZP5
R-HSA-381753,P47884
R-HSA-381753,Q8NGY5
R-HSA-381753,Q8NH63
R-HSA-381753,Q8N0Y3
R-HSA-381753,Q8NGJ2
R-HSA-381753,Q8NH40
R-HSA-381753,Q8NGG3
R-HSA-381753,Q8NH72
R-HSA-381753,Q8NH01
R-HSA-381753,Q8NGF4
R-HSA-381753,Q8N148
R-HSA-381753,Q8NGV5
R-HSA-381753,Q6IEV9
R-HSA-381753,Q8NGE3
R-HSA-381753,O14581
R-HSA-381753,A6ND48
R-HSA-381753,Q96R30
R-HSA-381753,Q8NH06
R-HSA-381753,Q8NGE0
R-HSA-381753,Q8NG92
R-HSA-381753,Q8NGR1
R-HSA-381753,Q9GZK3
R-HSA-381753,Q8NGZ4
R-HSA-381753,Q8NGD3
R-HSA-381753,Q8NGX0
R-HSA-381753,A6NFC9
R-HSA-381753,A6NDH6
R-HSA-381753,Q9NZP0
R-HSA-381753,A6NET4
R-HSA-381753,Q8NGK9
R-HSA-381753,Q8N628
R-HSA-381753,Q8NGE7
R-HSA-381753,P47887
R-HSA-381753,Q8NGC1
R-HSA-381753,Q8NH07
R-HSA-381753,Q8NH03
R-HSA-381753,Q8NH64
R-HSA-381753,Q8NGC5
R-HSA-381753,Q8NG77
R-HSA-381753,Q8NG80
R-HSA-381753,Q8NGZ3
R-HSA-381753,Q8NGQ4
R-HSA-381753,Q8NH56
R-HSA-381753,Q8NH37
R-HSA-381753,Q8NGG1
R-HSA-381753,Q9H340
R-HSA-381753,Q5JRS4
R-HSA-381753,Q9H207
R-HSA-381753,Q8NGL2
R-HSA-381753,Q8NGE5
R-HSA-381753,Q8NGZ0
R-HSA-381753,Q8NGX2
R-HSA-381753,Q8NGZ5
R-HSA-381753,Q8NG84
R-HSA-381753,Q96KK4
R-HSA-381753,Q8NGZ9
R-HSA-381753,Q8NHC7
R-HSA-381753,P0C604
R-HSA-381753,Q6IF42
R-HSA-381753,Q15612
R-HSA-381753,P0C623
R-HSA-381753,Q8NGP3
R-HSA-381753,Q8NGM1
R-HSA-381753,Q13606
R-HSA-381753,Q8NGQ5
R-HSA-381753,Q6IEU7
R-HSA-381753,Q8NGR2
R-HSA-381753,Q8NGA1
R-HSA-381753,Q8NGL6
R-HSA-381753,Q8WZA6
R-HSA-381753,Q8NGS3
R-HSA-381753,Q8NGF6
R-HSA-381753,Q8NGG4
R-HSA-381753,Q8NH83
R-HSA-381753,Q8NGN4
R-HSA-381753,Q8NGS2
R-HSA-381753,Q8NGP0
R-HSA-381753,Q8N127
R-HSA-381753,Q8NGT1
R-HSA-381753,O95013
R-HSA-381753,Q6IFG1
R-HSA-381753,Q8NH21
R-HSA-381753,Q8NGH7
R-HSA-381753,Q8NH90
R-HSA-381753,Q8NGC0
R-HSA-381753,Q8NH76
R-HSA-381753,Q8NGF9
R-HSA-381753,Q9Y5P0
R-HSA-381753,Q8NH54
R-HSA-381753,Q8NGR8
R-HSA-381753,Q8NGK0
R-HSA-381753,Q8NHB8
R-HSA-381753,Q8NGY6
R-HSA-381753,Q8NH19
R-HSA-381753,Q9H210
R-HSA-381753,Q9GZM6
R-HSA-381753,Q8NGQ1
R-HSA-381753,Q8NGE8
R-HSA-381753,Q8NGV0
R-HSA-381753,Q96RD2
R-HSA-381753,Q8NH61
R-HSA-381753,Q8NGT0
R-HSA-381753,Q8NGQ3
R-HSA-381753,Q96RD1
R-HSA-381753,Q8NGD1
R-HSA-381753,A6NL08
R-HSA-381753,A6NJZ3
R-HSA-381753,Q9H2C5
R-HSA-381753,Q9H209
R-HSA-381753,Q8NHB1
R-HSA-381753,Q96RA2
R-HSA-381753,Q8NGF7
R-HSA-381753,Q8NH59
R-HSA-9709957,O60431
R-HSA-9709957,Q8NG94
R-HSA-9709957,O95047
R-HSA-9709957,Q8NGT5
R-HSA-9709957,Q8NGS4
R-HSA-9709957,Q8NGU4
R-HSA-9709957,Q8NGX6
R-HSA-9709957,Q8NGI7
R-HSA-9709957,Q8NGL7
R-HSA-9709957,Q8NGF8
R-HSA-9709957,Q8NGA0
R-HSA-9709957,A6NIJ9
R-HSA-9709957,Q8NGJ6
R-HSA-9709957,Q8NGL9
R-HSA-9709957,Q8NGN8
R-HSA-9709957,Q8NH92
R-HSA-9709957,Q8NGT2
R-HSA-9709957,Q6IFH4
R-HSA-9709957,A6NH00
R-HSA-9709957,P0C646
R-HSA-9709957,Q8NGI4
R-HSA-9709957,Q9UGF6
R-HSA-9709957,Q8NH02
R-HSA-9709957,A6NMU1
R-HSA-9709957,A3KFT3
R-HSA-9709957,Q8NH08
R-HSA-9709957,Q8NGY9
R-HSA-9709957,Q8NG85
R-HSA-9709957,Q9H344
R-HSA-9709957,Q96R47
R-HSA-9709957,P0C626
R-HSA-9709957,Q9Y4A9
R-HSA-9709957,Q8NG97
R-HSA-9709957,Q96RB7
R-HSA-9709957,Q8NGU2
R-HSA-9709957,Q8NGS5
R-HSA-9709957,Q8NGD2
R-HSA-9709957,Q8NGD0
R-HSA-9709957,O95006
R-HSA-9709957,Q8NGA5
R-HSA-9709957,Q8NGT7
R-HSA-9709957,Q8NGB4
R-HSA-9709957,Q8NGJ7
R-HSA-9709957,Q9H205
R-HSA-9709957,Q8NGS1
R-HSA-9709957,Q8NHA4
R-HSA-9709957,Q8NGI2
R-HSA-9709957,Q8NGC8
R-HSA-9709957,O95221
R-HSA-9709957,Q8NGD5
R-HSA-9709957,A6NF89
R-HSA-9709957,Q6IFN5
R-HSA-9709957,Q8NGB6
R-HSA-9709957,Q8NGY2
R-HSA-9709957,P0C7T3
R-HSA-9709957,Q8NGH9
R-HSA-9709957,Q96RC9
R-HSA-9709957,P58173
R-HSA-9709957,Q6IF36
R-HSA-9709957,P0C628
R-HSA-9709957,Q6IF63
R-HSA-9709957,Q8NGI8
R-HSA-9709957,A6NGY5
R-HSA-9709957,Q8NGX1
R-HSA-9709957,Q8NGB2
R-HSA-9709957,Q8N162
R-HSA-9709957,Q8NH42
R-HSA-9709957,Q8NGX3
R-HSA-9709957,Q8NHC8
R-HSA-9709957,P0C645
R-HSA-9709957,Q8NH10
R-HSA-9709957,Q9Y5P1
R-HSA-9709957,Q96RD3
R-HSA-9709957,Q8NGN1
R-HSA-9709957,Q8NH09
R-HSA-9709957,P0C7N8
R-HSA-9709957,P58181
R-HSA-9709957,Q8NGS7
R-HSA-9709957,A6NM76
R-HSA-9709957,Q8NGG0
R-HSA-9709957,Q8NGK3
R-HSA-9709957,A6NDL8
R-HSA-9709957,Q8NGI6
R-HSA-9709957,Q8NGL0
R-HSA-9709957,Q6IEY1
R-HSA-9709957,Q9UGF7
R-HSA-9709957,Q8NH48
R-HSA-9709957,Q8NGN0
R-HSA-9709957,Q6IEZ7
R-HSA-9709957,P47893
R-HSA-9709957,Q6IF82
R-HSA-9709957,Q8NGQ2
R-HSA-9709957,Q8NH73
R-HSA-9709957,Q8NGL4
R-HSA-9709957,Q9H208
R-HSA-9709957,Q9H343
R-HSA-9709957,Q8NGS8
R-HSA-9709957,P0C7N5
R-HSA-9709957,Q8NH60
R-HSA-9709957,Q9H342
R-HSA-9709957,Q8NGV7
R-HSA-9709957,O95918
R-HSA-9709957,Q96R08
R-HSA-9709957,Q6IF99
R-HSA-9709957,Q8NH81
R-HSA-9709957,Q8NGJ4
R-HSA-9709957,Q8NGZ2
R-HSA-9709957,Q8NH93
R-HSA-9709957,Q8WZ92
R-HSA-9709957,Q8NGH3
R-HSA-9709957,Q96R27
R-HSA-9709957,Q8NGJ9
R-HSA-9709957,P0C7T2
R-HSA-9709957,A6NKK0
R-HSA-9709957,Q8NGJ3
R-HSA-9709957,Q8NGK6
R-HSA-9709957,Q8NGR4
R-HSA-9709957,Q8NHC5
R-HSA-9709957,Q8NH16
R-HSA-9709957,A6NM03
R-HSA-9709957,Q8NH41
R-HSA-9709957,Q8NGY1
R-HSA-9709957,P47890
R-HSA-9709957,Q8NGH6
R-HSA-9709957,Q8NGX8
R-HSA-9709957,Q15615
R-HSA-9709957,Q8NGI3
R-HSA-9709957,Q8NGI9
R-HSA-9709957,Q9UKL2
R-HSA-9709957,Q96R72
R-HSA-9709957,Q8NGI0
R-HSA-9709957,Q96R48
R-HSA-9709957,Q8NGQ6
R-HSA-9709957,Q8NH04
R-HSA-9709957,P30954
R-HSA-9709957,Q96R69
R-HSA-9709957,P58182
R-HSA-9709957,Q15620
R-HSA-9709957,Q8NGY3
R-HSA-9709957,Q8NGC3
R-HSA-9709957,Q15617
R-HSA-9709957,Q8NGG2
R-HSA-9709957,Q8NGR6
R-HSA-9709957,Q5TZ20
R-HSA-9709957,Q8NGD4
R-HSA-9709957,Q9GZK4
R-HSA-9709957,A6NHA9
R-HSA-9709957,Q8NGP4
R-HSA-9709957,Q8N146
R-HSA-9709957,Q8NH53
R-HSA-9709957,Q8NGA2
R-HSA-9709957,Q8NGR3
R-HSA-9709957,Q9H346
R-HSA-9709957,Q8NGE2
R-HSA-9709957,Q6IF00
R-HSA-9709957,Q8NGM8
R-HSA-9709957,A6NMS3
R-HSA-9709957,Q8NH49
R-HSA-9709957,Q8NGJ1
R-HSA-9709957,Q8NG76
R-HSA-9709957,A6NMZ5
R-HSA-9709957,A6NHG9
R-HSA-9709957,Q8NH85
R-HSA-9709957,Q8NGR5
R-HSA-9709957,Q8NGE1
R-HSA-9709957,Q8NGK5
R-HSA-9709957,Q9Y585
R-HSA-9709957,Q8NH79
R-HSA-9709957,Q8NGX5
R-HSA-9709957,O60404
R-HSA-9709957,Q8NGN5
R-HSA-9709957,Q8NH50
R-HSA-9709957,P47888
R-HSA-9709957,Q8NGV6
R-HSA-9709957,Q8NH80
R-HSA-9709957,Q8NGS0
R-HSA-9709957,Q8NH70
R-HSA-9709957,P0C629
R-HSA-9709957,Q8NG95
R-HSA-9709957,Q8NGS9
R-HSA-9709957,Q8NGP6
R-HSA-9709957,Q8IXE1
R-HSA-9709957,Q8NGP8
R-HSA-9709957,Q8NGK4
R-HSA-9709957,Q8NGB8
R-HSA-9709957,Q8NG83
R-HSA-9709957,Q8NHA8
R-HSA-9709957,Q96RD0
R-HSA-9709957,Q8NH94
R-HSA-9709957,Q9H2C8
R-HSA-9709957,Q8NGB9
R-HSA-9709957,Q96R09
R-HSA-9709957,Q8NH69
R-HSA-9709957,Q8NGC6
R-HSA-9709957,Q9NZP2
R-HSA-9709957,Q8NGW1
R-HSA-9709957,Q8NG78
R-HSA-9709957,Q8N0Y5
R-HSA-9709957,Q8NGK1
R-HSA-9709957,Q8NGJ0
R-HSA-9709957,A6NCV1
R-HSA-9709957,Q8NGM9
R-HSA-9709957,Q8NGJ8
R-HSA-9709957,Q9NZP5
R-HSA-9709957,P47884
R-HSA-9709957,Q8NGY5
R-HSA-9709957,Q8NH63
R-HSA-9709957,Q8N0Y3
R-HSA-9709957,Q8NGJ2
R-HSA-9709957,Q8NH40
R-HSA-9709957,Q8NGG3
R-HSA-9709957,Q8NH72
R-HSA-9709957,Q8NH01
R-HSA-9709957,Q8NGF4
R-HSA-9709957,Q8N148
R-HSA-9709957,Q8NGV5
R-HSA-9709957,Q6IEV9
R-HSA-9709957,Q8NGE3
R-HSA-9709957,O14581
R-HSA-9709957,A6ND48
R-HSA-9709957,Q96R30
R-HSA-9709957,Q8NH06
R-HSA-9709957,Q8NGE0
R-HSA-9709957,Q8NG92
R-HSA-9709957,Q8NGR1
R-HSA-9709957,Q9GZK3
R-HSA-9709957,Q8NGZ4
R-HSA-9709957,Q8NGD3
R-HSA-9709957,Q8NGX0
R-HSA-9709957,A6NFC9
R-HSA-9709957,A6NDH6
R-HSA-9709957,Q9NZP0
R-HSA-9709957,A6NET4
R-HSA-9709957,Q8NGK9
R-HSA-9709957,Q8N628
R-HSA-9709957,Q8NGE7
R-HSA-9709957,P47887
R-HSA-9709957,Q8NGC1
R-HSA-9709957,Q8NH07
R-HSA-9709957,Q8NH03
R-HSA-9709957,Q8NH64
R-HSA-9709957,Q8NGC5
R-HSA-9709957,Q8NG77
R-HSA-9709957,Q8NG80
R-HSA-9709957,Q8NGZ3
R-HSA-9709957,Q8NGQ4
R-HSA-9709957,Q8NH56
R-HSA-9709957,Q8NH37
R-HSA-9709957,Q8NGG1
R-HSA-9709957,Q9H340
R-HSA-9709957,Q5JRS4
R-HSA-9709957,Q9H207
R-HSA-9709957,Q8NGL2
R-HSA-9709957,Q8NGE5
R-HSA-9709957,Q8NGZ0
R-HSA-9709957,Q8NGX2
R-HSA-9709957,Q8NGZ5
R-HSA-9709957,Q8NG84
R-HSA-9709957,Q96KK4
R-HSA-9709957,Q8NGZ9
R-HSA-9709957,Q8NHC7
R-HSA-9709957,P0C604
R-HSA-9709957,Q6IF42
R-HSA-9709957,Q15612
R-HSA-9709957,P0C623
R-HSA-9709957,Q8NGP3
R-HSA-9709957,Q8NGM1
R-HSA-9709957,Q13606
R-HSA-9709957,Q8NGQ5
R-HSA-9709957,Q6IEU7
R-HSA-9709957,Q8NGR2
R-HSA-9709957,Q8NGA1
R-HSA-9709957,Q8NGL6
R-HSA-9709957,Q8WZA6
R-HSA-9709957,Q8NGS3
R-HSA-9709957,Q8NGF6
R-HSA-9709957,Q8NGG4
R-HSA-9709957,Q8NH83
R-HSA-9709957,Q8NGN4
R-HSA-9709957,Q8NGS2
R-HSA-9709957,Q8NGP0
R-HSA-9709957,Q8N127
R-HSA-9709957,Q8NGT1
R-HSA-9709957,O95013
R-HSA-9709957,Q6IFG1
R-HSA-9709957,Q8NH21
R-HSA-9709957,Q8NGH7
R-HSA-9709957,Q8NH90
R-HSA-9709957,Q8NGC0
R-HSA-9709957,Q8NH76
R-HSA-9709957,Q8NGF9
R-HSA-9709957,Q9Y5P0
R-HSA-9709957,Q8NH54
R-HSA-9709957,Q8NGR8
R-HSA-9709957,Q8NGK0
R-HSA-9709957,Q8NHB8
R-HSA-9709957,Q8NGY6
R-HSA-9709957,Q8NH19
R-HSA-9709957,Q9H210
R-HSA-9709957,Q9GZM6
R-HSA-9709957,Q8NGQ1
R-HSA-9709957,Q8NGE8
R-HSA-9709957,Q8NGV0
R-HSA-9709957,Q96RD2
R-HSA-9709957,Q8NH61
R-HSA-9709957,Q8NGT0
R-HSA-9709957,Q8NGQ3
R-HSA-9709957,Q96RD1
R-HSA-9709957,Q8NGD1
R-HSA-9709957,A6NL08
R-HSA-9709957,A6NJZ3
R-HSA-9709957,Q9H2C5
R-HSA-9709957,Q9H209
R-HSA-9709957,Q8NHB1
R-HSA-9709957,Q96RA2
R-HSA-9709957,Q8NGF7
R-HSA-9709957,Q8NH59
R-HSA-9729555,P63252
R-HSA-9729555,Q7RTM1
R-HSA-975634,Q8IV16
R-HSA-975634,P06858
R-HSA-975634,Q9BYV7
R-HSA-975634,Q8TC12
R-HSA-975634,P16233
R-HSA-975634,P04118
R-HSA-975634,Q9HAY6
R-HSA-975634,O95237
R-HSA-975634,P01130
R-HSA-975634,Q07954
R-HSA-975634,P98164
R-HSA-975634,Q7Z4F1
R-HSA-975634,Q14114
R-HSA-975634,Q9Y561
R-HSA-975634,Q04828
R-HSA-975634,P42330
R-HSA-975634,P17516
R-HSA-975634,O60218
R-HSA-975634,Q6P1J6
R-HSA-975634,Q6NUM9
R-HSA-9667769,Q16558
R-HSA-9667769,Q12791
R-HSA-9667769,Q9H2S1
R-HSA-2514856,P50579
R-HSA-2514856,P53582
R-HSA-2514856,P51841
R-HSA-2514856,Q02846
R-HSA-2514856,P49354
R-HSA-2514856,P49356
R-HSA-2514856,O14829
R-HSA-2514856,Q04759
R-HSA-2514856,P17252
R-HSA-2514856,Q7Z624
R-HSA-2514856,Q8WTQ7
R-HSA-2514856,O60551
R-HSA-2514856,P30419
R-HSA-2514856,O60721
R-HSA-2187338,Q8IV16
R-HSA-2187338,P06858
R-HSA-2187338,Q9BYV7
R-HSA-2187338,Q8TC12
R-HSA-2187338,P16233
R-HSA-2187338,P04118
R-HSA-2187338,Q9HAY6
R-HSA-2187338,O95237
R-HSA-2187338,P01130
R-HSA-2187338,Q07954
R-HSA-2187338,P98164
R-HSA-2187338,Q7Z4F1
R-HSA-2187338,Q14114
R-HSA-2187338,Q9Y561
R-HSA-2187338,Q04828
R-HSA-2187338,P42330
R-HSA-2187338,P17516
R-HSA-2187338,O60218
R-HSA-2187338,Q6P1J6
R-HSA-2187338,Q6NUM9
R-HSA-2187338,P50579
R-HSA-2187338,P53582
R-HSA-2187338,P51841
R-HSA-2187338,Q02846
R-HSA-2187338,P49354
R-HSA-2187338,P49356
R-HSA-2187338,O14829
R-HSA-2187338,Q04759
R-HSA-2187338,P17252
R-HSA-2187338,Q7Z624
R-HSA-2187338,Q8WTQ7
R-HSA-2187338,O60551
R-HSA-2187338,P30419
R-HSA-2187338,O60721
R-HSA-2187338,P10745
R-HSA-2187338,O75911
R-HSA-2187338,Q6E213
R-HSA-2187338,P78363
R-HSA-2187338,P14061
R-HSA-2187338,Q9NYR8
R-HSA-2187338,Q16518
R-HSA-2187338,Q13402
R-HSA-2187338,Q92781
R-HSA-2187338,O75452
R-HSA-2187338,Q8NEX9
R-HSA-2187338,O14756
R-HSA-2187338,Q9BPW9
R-HSA-2187338,Q6ZWL3
R-HSA-2187338,Q8IZV5
R-HSA-2187338,Q96NR8
R-HSA-2514859,P50579
R-HSA-2514859,P53582
R-HSA-2514859,P51841
R-HSA-2514859,Q02846
R-HSA-2514859,P49354
R-HSA-2514859,P49356
R-HSA-2514859,O14829
R-HSA-2514859,Q04759
R-HSA-2514859,P17252
R-HSA-2514859,Q7Z624
R-HSA-2514859,Q8WTQ7
R-HSA-2514859,O60551
R-HSA-2514859,P30419
R-HSA-2485179,P10523
R-HSA-2485179,O60721
R-HSA-9717207,Q07699
R-HSA-9717207,Q8IWT1
R-HSA-9717207,O60939
R-HSA-9717207,Q15858
R-HSA-9717207,Q8TD43
R-HSA-9717207,Q9NZQ8
R-HSA-9717207,Q8IU99
R-HSA-9717207,Q86XJ0
R-HSA-9717207,Q99250
R-HSA-9717207,Q9NY46
R-HSA-9717189,P63252
R-HSA-9717189,Q7RTM1
R-HSA-9717189,Q07699
R-HSA-9717189,Q8IWT1
R-HSA-9717189,O60939
R-HSA-9717189,Q15858
R-HSA-9717189,Q8TD43
R-HSA-9717189,Q9NZQ8
R-HSA-9717189,Q8IU99
R-HSA-9717189,Q86XJ0
R-HSA-9717189,Q99250
R-HSA-9717189,Q9NY46
R-HSA-9717189,P51168
R-HSA-9717189,P51170
R-HSA-9717189,P37088
R-HSA-9717189,P51172
R-HSA-2187335,P10745
R-HSA-2187335,O75911
R-HSA-2187335,Q6E213
R-HSA-9730628,Q8IU99
R-HSA-9730628,Q86XJ0
R-HSA-9730628,P51168
R-HSA-9730628,P51170
R-HSA-9730628,P37088
R-HSA-9730628,P51172
R-HSA-9752946,Q9H902
R-HSA-9659379,Q16558
R-HSA-9659379,Q12791
R-HSA-9659379,Q9H2S1
R-HSA-9659379,Q3ZCN5
R-HSA-9659379,Q7RTU9
R-HSA-9659379,Q6ZRI0
R-HSA-9659379,Q9H251
R-HSA-9659379,Q96QU1
R-HSA-9659379,Q9Y6N9
R-HSA-9659379,Q495M9
R-HSA-9659379,Q13402
R-HSA-9659379,Q8TDI8
R-HSA-9659379,Q8TDI7
R-HSA-9659379,Q8TAF8
R-HSA-9659379,O75838
R-HSA-9659379,Q8NEW7
R-HSA-9659379,Q9Y2J2
R-HSA-9659379,Q01082
R-HSA-9659379,Q13813
R-HSA-9659379,Q12792
R-HSA-9659379,P35579
R-HSA-9659379,Q4KMQ1
R-HSA-9659379,Q9H4G0
R-HSA-9659379,P35241
R-HSA-9659379,O00159
R-HSA-9659379,Q9NZA1
R-HSA-9659379,A8MXD5
R-HSA-9659379,A4UGR9
R-HSA-9659379,P26038
R-HSA-9659379,Q14651
R-HSA-9659379,Q9Y4F9
R-HSA-9659379,P15311
R-HSA-9659379,O14926
R-HSA-9659379,A6NFK2
R-HSA-9659379,Q8NEV4
R-HSA-9659379,Q9UKN7
R-HSA-9659379,O14936
R-HSA-9659379,Q6ZVH7
R-HSA-9659379,Q9P202
R-HSA-9659379,Q9H6S3
R-HSA-9659379,Q8WXR4
R-HSA-9659379,Q6IBS0
R-HSA-9659379,P06396
R-HSA-9659379,Q12929
R-HSA-9659379,Q00013
R-HSA-9659379,B1AK53
R-HSA-9659379,Q0ZLH3
R-HSA-9659379,P56696
R-HSA-9659379,Q9NY47
R-HSA-9659379,Q08289
R-HSA-9659379,Q01668
R-HSA-9659379,Q9NZU7
R-HSA-9659379,Q9NPB3
R-HSA-9659379,P20020
R-HSA-9659379,P47756
R-HSA-9659379,P52907
R-HSA-9659379,P47755
R-HSA-9659379,Q8N7C0
R-HSA-381753,Q9H902
R-HSA-2453902,P10745
R-HSA-2453902,P78363
R-HSA-2453902,O95237
R-HSA-2453902,P14061
R-HSA-2453902,Q9NYR8
R-HSA-2453902,Q16518
R-HSA-2453902,Q13402
R-HSA-2453902,Q92781
R-HSA-2453902,O75452
R-HSA-2453902,Q8NEX9
R-HSA-2453902,O14756
R-HSA-2453902,Q9BPW9
R-HSA-2453902,Q6ZWL3
R-HSA-2453902,Q8TC12
R-HSA-2453902,Q8IZV5
R-HSA-2453902,Q96NR8
R-HSA-9662361,Q16558
R-HSA-9662361,Q12791
R-HSA-9662361,Q9H2S1
R-HSA-9662361,Q3ZCN5
R-HSA-9662361,Q7RTU9
R-HSA-9662361,Q6ZRI0
R-HSA-9662361,Q9H251
R-HSA-9662361,Q96QU1
R-HSA-9662361,Q9Y6N9
R-HSA-9662361,Q495M9
R-HSA-9662361,Q13402
R-HSA-9662361,Q8TDI8
R-HSA-9662361,Q8TDI7
R-HSA-9662361,Q8TAF8
R-HSA-9662361,O75838
R-HSA-9662361,Q8NEW7
R-HSA-9662361,Q9Y2J2
R-HSA-9662361,Q01082
R-HSA-9662361,Q13813
R-HSA-9662361,Q12792
R-HSA-9662361,P35579
R-HSA-9662361,Q4KMQ1
R-HSA-9662361,Q9H4G0
R-HSA-9662361,P35241
R-HSA-9662361,O00159
R-HSA-9662361,Q9NZA1
R-HSA-9662361,A8MXD5
R-HSA-9662361,A4UGR9
R-HSA-9662361,P26038
R-HSA-9662361,Q14651
R-HSA-9662361,Q9Y4F9
R-HSA-9662361,P15311
R-HSA-9662361,O14926
R-HSA-9662361,A6NFK2
R-HSA-9662361,Q8NEV4
R-HSA-9662361,Q9UKN7
R-HSA-9662361,O14936
R-HSA-9662361,Q6ZVH7
R-HSA-9662361,Q9P202
R-HSA-9662361,Q9H6S3
R-HSA-9662361,Q8WXR4
R-HSA-9662361,Q6IBS0
R-HSA-9662361,P06396
R-HSA-9662361,Q12929
R-HSA-9662361,Q00013
R-HSA-9662361,B1AK53
R-HSA-9662361,Q0ZLH3
R-HSA-9662361,P56696
R-HSA-9709957,Q8IV16
R-HSA-9709957,P06858
R-HSA-9709957,Q9BYV7
R-HSA-9709957,Q8TC12
R-HSA-9709957,P16233
R-HSA-9709957,P04118
R-HSA-9709957,Q9HAY6
R-HSA-9709957,O95237
R-HSA-9709957,P01130
R-HSA-9709957,Q07954
R-HSA-9709957,P98164
R-HSA-9709957,Q7Z4F1
R-HSA-9709957,Q14114
R-HSA-9709957,Q9Y561
R-HSA-9709957,Q04828
R-HSA-9709957,P42330
R-HSA-9709957,P17516
R-HSA-9709957,O60218
R-HSA-9709957,Q6P1J6
R-HSA-9709957,Q6NUM9
R-HSA-9709957,P50579
R-HSA-9709957,P53582
R-HSA-9709957,P51841
R-HSA-9709957,Q02846
R-HSA-9709957,P49354
R-HSA-9709957,P49356
R-HSA-9709957,O14829
R-HSA-9709957,Q04759
R-HSA-9709957,P17252
R-HSA-9709957,Q7Z624
R-HSA-9709957,Q8WTQ7
R-HSA-9709957,O60551
R-HSA-9709957,P30419
R-HSA-9709957,O60721
R-HSA-9709957,P10745
R-HSA-9709957,O75911
R-HSA-9709957,Q6E213
R-HSA-9709957,P78363
R-HSA-9709957,P14061
R-HSA-9709957,Q9NYR8
R-HSA-9709957,Q16518
R-HSA-9709957,Q13402
R-HSA-9709957,Q92781
R-HSA-9709957,O75452
R-HSA-9709957,Q8NEX9
R-HSA-9709957,O14756
R-HSA-9709957,Q9BPW9
R-HSA-9709957,Q6ZWL3
R-HSA-9709957,Q8IZV5
R-HSA-9709957,Q96NR8
R-HSA-9709957,P63252
R-HSA-9709957,Q7RTM1
R-HSA-9709957,Q07699
R-HSA-9709957,Q8IWT1
R-HSA-9709957,O60939
R-HSA-9709957,Q15858
R-HSA-9709957,Q8TD43
R-HSA-9709957,Q9NZQ8
R-HSA-9709957,Q8IU99
R-HSA-9709957,Q86XJ0
R-HSA-9709957,Q99250
R-HSA-9709957,Q9NY46
R-HSA-9709957,P51168
R-HSA-9709957,P51170
R-HSA-9709957,P37088
R-HSA-9709957,P51172
R-HSA-9709957,Q16558
R-HSA-9709957,Q12791
R-HSA-9709957,Q9H2S1
R-HSA-9709957,Q3ZCN5
R-HSA-9709957,Q7RTU9
R-HSA-9709957,Q6ZRI0
R-HSA-9709957,Q9H251
R-HSA-9709957,Q96QU1
R-HSA-9709957,Q9Y6N9
R-HSA-9709957,Q495M9
R-HSA-9709957,Q8TDI8
R-HSA-9709957,Q8TDI7
R-HSA-9709957,Q8TAF8
R-HSA-9709957,O75838
R-HSA-9709957,Q8NEW7
R-HSA-9709957,Q9Y2J2
R-HSA-9709957,Q01082
R-HSA-9709957,Q13813
R-HSA-9709957,Q12792
R-HSA-9709957,P35579
R-HSA-9709957,Q4KMQ1
R-HSA-9709957,Q9H4G0
R-HSA-9709957,P35241
R-HSA-9709957,O00159
R-HSA-9709957,Q9NZA1
R-HSA-9709957,A8MXD5
R-HSA-9709957,A4UGR9
R-HSA-9709957,P26038
R-HSA-9709957,Q14651
R-HSA-9709957,Q9Y4F9
R-HSA-9709957,P15311
R-HSA-9709957,O14926
R-HSA-9709957,A6NFK2
R-HSA-9709957,Q8NEV4
R-HSA-9709957,Q9UKN7
R-HSA-9709957,O14936
R-HSA-9709957,Q6ZVH7
R-HSA-9709957,Q9P202
R-HSA-9709957,Q9H6S3
R-HSA-9709957,Q8WXR4
R-HSA-9709957,Q6IBS0
R-HSA-9709957,P06396
R-HSA-9709957,Q12929
R-HSA-9709957,Q00013
R-HSA-9709957,B1AK53
R-HSA-9709957,Q0ZLH3
R-HSA-9709957,P56696
R-HSA-9709957,Q9NY47
R-HSA-9709957,Q08289
R-HSA-9709957,Q01668
R-HSA-9709957,Q9NZU7
R-HSA-9709957,Q9NPB3
R-HSA-9709957,P20020
R-HSA-9709957,P47756
R-HSA-9709957,P52907
R-HSA-9709957,P47755
R-HSA-9709957,Q8N7C0
R-HSA-9709957,Q9H902
R-HSA-9662360,Q9NY47
R-HSA-9662360,Q08289
R-HSA-9662360,Q01668
R-HSA-9662360,Q9NZU7
R-HSA-9662360,Q9NPB3
R-HSA-9662360,P56696
R-HSA-9662360,P20020
R-HSA-9662360,Q7RTU9
R-HSA-9662360,Q9H251
R-HSA-9662360,Q96QU1
R-HSA-9662360,Q9Y6N9
R-HSA-9662360,Q495M9
R-HSA-9662360,Q13402
R-HSA-9662360,Q8TDI8
R-HSA-9662360,Q8TDI7
R-HSA-9662360,Q8TAF8
R-HSA-9662360,O75838
R-HSA-9662360,Q8NEW7
R-HSA-9662360,Q9Y2J2
R-HSA-9662360,Q01082
R-HSA-9662360,Q13813
R-HSA-9662360,Q12792
R-HSA-9662360,P35579
R-HSA-9662360,Q4KMQ1
R-HSA-9662360,Q9H4G0
R-HSA-9662360,P35241
R-HSA-9662360,O00159
R-HSA-9662360,Q9NZA1
R-HSA-9662360,A8MXD5
R-HSA-9662360,A4UGR9
R-HSA-9662360,P26038
R-HSA-9662360,Q14651
R-HSA-9662360,Q9Y4F9
R-HSA-9662360,P15311
R-HSA-9662360,O14926
R-HSA-9662360,A6NFK2
R-HSA-9662360,Q8NEV4
R-HSA-9662360,Q9UKN7
R-HSA-9662360,O14936
R-HSA-9662360,Q6ZVH7
R-HSA-9662360,Q9P202
R-HSA-9662360,Q9H6S3
R-HSA-9662360,P47756
R-HSA-9662360,P52907
R-HSA-9662360,P47755
R-HSA-9662360,Q8WXR4
R-HSA-9662360,Q6IBS0
R-HSA-9662360,Q12929
R-HSA-9662360,B1AK53
R-HSA-9662360,Q0ZLH3
R-HSA-9662360,Q8N7C0
R-HSA-9662360,Q16558
R-HSA-9662360,Q12791
R-HSA-2514856,O75916-3
R-HSA-2514856,O14775-1
R-HSA-2187338,O75916-3
R-HSA-2187338,O14775-1
R-HSA-2514859,O75916-3
R-HSA-2514859,O14775-1
R-HSA-9659379,P56545-2
R-HSA-381753,Q14028-3
R-HSA-9709957,O75916-3
R-HSA-9709957,O14775-1
R-HSA-9709957,P56545-2
R-HSA-9709957,Q14028-3
R-HSA-9662360,P56545-2
R-HSA-2514856,P32298-1
R-HSA-2187338,P32298-1
R-HSA-2514859,P32298-1
R-HSA-9659379,Q01814-2
R-HSA-9659379,Q9H2D6-5
R-HSA-9659379,Q9H2D6-4
R-HSA-9662361,Q01814-2
R-HSA-9662361,Q9H2D6-5
R-HSA-9662361,Q9H2D6-4
R-HSA-9709957,P32298-1
R-HSA-9709957,Q01814-2
R-HSA-9709957,Q9H2D6-5
R-HSA-9709957,Q9H2D6-4
R-HSA-9662360,Q01814-2
R-HSA-9662360,Q9H2D6-5
R-HSA-9662360,Q9H2D6-4
